ANDROGENS AND RELATED COMPOUNDS,,,,,TWIM-MS; single-laboratory database,TWIM-MS; cross-laboratory database,,,TIM-MS,,,DTIM-MS; single-field calibration (4-bit) ,,,DTIM-MS; stepped-field method,,
Compound name,Commercial name,Formula,Ion,m/z,TWCCSN2 (Å2)a,Average TWCCSN2 (Å2) (n=12; four TWIMS platforms),SD,RSD (%),Average TIMCCSN2 (Å2) (n=3-6),SD,RSD (%),Average DTCCSN2 (Å2) (n=3),SD,RSD (%),Average DTCCSN2 (Å2) (n=3 pos; n=1 neg),SD,RSD (%)
"1,3,5(10)-estratiene-3-ol-11,17-dione",11-ketoestrone,C18H20O3, [M+H]+,285.1485,167.8,165.83636363636361,2.0789628795496684,0.012536230498326036,166.63333333333333,0.21126602503322445,0.0012678497201433754,,,,,,
"4,9,11-estratiene-17β-ol-3-one",trenbolone,C18H22O2, [M+H]+,271.1693,165.8,165.17683333333332,1.4754971324535933,0.00893283339241637,166.42333333333332,0.10263202878893112,0.0006166925438476043,166.72,0,0,165.57333333333332,0.1767295485574833,0.0010673792995499476
"4,9,11-estratiene-17β-ol-3-one",trenbolone,C18H22O2, [M+Na]+,293.1512,191.8,192.17518181818184,0.6168036670094988,0.003209590651476842,194.0666666666667,0.09712534856222158,0.0005004741423680259,192.59,0.01,5.192377589698323e-05,192.33666666666667,0.3431229128655427,0.0017839703620329424
"4,9,11-estratiene-17α-ol-3-one",α-trenbolone/epitrenbolone,C18H22O2, [M+H]+,271.1693,167.7,164.99754545454547,1.6876949584351069,0.010228606454633856,166.36,0.25942243542145765,0.0015594039157336957,166.35,0.02,0.00012022843402464683,165.36666666666667,0.05773502691895929,0.00034913340204974376
"4,9,11-estratiene-17α-ol-3-one",α-trenbolone/epitrenbolone,C18H22O2, [M+Na]+,293.1512,193.8,191.67609090909093,0.9349030382393079,0.0048775151548907485,193.71,0.2563201123595207,0.0013232156954185157,192.56,0.03,0.0001557955961778147,191.9,0.17320508075687788,0.0009025798893010832
"1,3,5(10)-estratriene-3,16α-diol-17-one",16α-hydroxyestrone,C18H22O3, [M+H]+,287.1642,168.8,166.967,1.581122639139673,0.00946967148681879,169.2425,0.28041635710731355,0.0016568908938789815,169.27,0.03,0.00017723164175577477,,,
"1,3,5(10)-estratiene-3-ol-17-one 3-sulfate",estrone 3-sulfate,C18H22O5S, [M-H]-,349.1115181,187.8,189.04891666666666,1.2604007629850622,0.006667061547924213,190.39000000000001,0.18248287590893714,0.0009584688056564794,191.66,0.09,0.00046958155066263176,191.6,n.d.,n.d.
"1,3,5(10)-estratiene-3,17β-diol 17-sulfate",estradiol 17-sulfate,C18H24O5S, [M-H]-,351.1271681,185.5,186.9311666666667,1.205414966899047,0.006448442966434419,188.11666666666667,0.4130778780488514,0.002195860076453538,189.39,0.05,0.0002640054913142194,,,
"1,3,5(10)-estratriene-3,17β-diol-3-sulfate",estradiol 3-sulfate,C18H24O5S, [M-H]-,351.1271681,189.4,191.01591666666664,1.255373718954807,0.006572089597881541,191.82333333333335,0.41004064839151855,0.0021375952615680324,192.99,0.07,0.0003627130939426913,,,
"1,3,5(10)-estratriene-3,17α-diol-3-sulfate",17α-estradiol 3-sulfate,C18H24O5S , [M-H]-,351.1271681,189.4,190.84716666666668,1.7733963733383733,0.009292233174390187,192.25000000000003,0.1723368793961441,0.00089642069906967,192.69,0.01,5.189682910374176e-05,193.97,n.d.,n.d.
"1,3,5(10)-estratiene-3,16,17-triol-3-sulfate",estriol 3-sulfate,C18H24O6S, [M-H]-,367.1220828,193.2,193.99224999999998,1.0678524859821117,0.005504614158463092,195.17999999999998,0.12767145334803556,0.0006541215972335054,196.6,0.09,0.0004577822990844354,197.08,n.d.,n.d.
4-estrene-4-fluoro-17β-ol-3-one,4-fluoro-19-nortestosterone,C18H25FO2, [M+H]+,293.1911,169.1,168.2751818181818,1.5572678522451957,0.009254293089564417,170.62833333333333,0.2091331314418355,0.0012256647378327292,170.63,0.07,0.0004102443884428296,170.04333333333332,0.35795716689757057,0.002105093800977617
4-estrene-4-fluoro-17β-ol-3-one,4-fluoro-19-nortestosterone,C18H25FO2, [M+Na]+,315.1731,189.9,189.5603636363636,0.9860202100086227,0.005201615944882442,192.60333333333332,0.2918675498692361,0.001515381612654174,191.03,0.01,5.234779877506151e-05,190.47,0.08888194417315019,0.00046664537288365724
4-estrene-17β-ol-3-one,19-nortestosterone/nandrolone,C18H26O2, [M+H]+,275.2006,169.5,168.03300000000002,1.1450360693008765,0.006814352355197351,170.03666666666666,0.09291573243176612,0.0005464452712067953,170.59,0.02,0.0001172401664810364,,,
4-estrene-17α-ol-3-one,epi-19-nortestosterone,C18H26O2, [M+H]+,275.2006,168.7,168.214,1.0648177821068328,0.006330137694287234,169.8125,0.282134719593319,0.0016614484775462287,169.94,0.04,0.00023537719195010004,169.36666666666665,0.20816659994661282,0.0012290883681161948
4-estrene-17α-ol-3-one,epi-19-nortestosterone,C18H26O2, [M+Na]+,297.1825,193.6,194.07775,0.6772041621791249,0.0034893446682019184,195.80249999999998,0.32578111260988346,0.001663825092171364,194.04,0.03,0.00015460729746444033,193.4333333333333,0.23094010767583717,0.0011939002637041385
4-estrene-17β-ol-3-one sulfate,19-nortestosterone sulfate,C18H26O5S, [M+H]+,355.1574,187.4,185.38808333333336,1.329382799944349,0.007170810421261429,188.71666666666667,0.12878923350446028,0.0006824475854691881,189.33,0.05,0.00026408915649923416,,,
4-estrene-17β-ol-3-one sulfate,19-nortestosterone sulfate,C18H26O5S, [M-H]-,353.1428182,185.9,186.94866666666667,1.0180327136495197,0.0054455200553245615,187.97333333333336,0.34297716153313995,0.0018246054131781453,188.62,0.02,0.0001060332944544587,189.31,n.d.,n.d.
"1,4-androstadiene-3,17-dione",boldione,C19H24O2, [M+H]+,285.1849,170.3,169.15133333333333,1.2779130951625304,0.007554850854437232,171.20499999999998,0.26350205565296425,0.0015391025709118559,171.2,0.02,0.00011682242990654206,170.70000000000002,0.26457513110646014,0.0015499421857437616
"1,4-androstadiene-3,17-dione",boldione,C19H24O2, [M+Na]+,307.1669,194.6,194.45866666666666,0.8522779458426095,0.004382823149268788,196.32,0.33080709383769347,0.001685040209034706,194.99,0.01,5.128468126570593e-05,194.5,0.17320508075687788,0.0008905145540199377
"4-androstene-3,17-dione",androstenedione,C19H26O2, [M+H]+,287.2006,172.6,171.58241666666666,1.376285148726838,0.008021131625628916,173.08333333333334,0.09609023536932987,0.000555167464820394,173.46,0.02,0.00011530035743110804,,,
"1,4-androstadiene-17β-ol-3-one",boldenone,C19H26O2, [M+H]+,287.2006,170.8,169.47308333333334,1.5732435781088117,0.009283147194616323,171.215,0.27098585448937856,0.0015827226264601732,170.83,0.01,5.8537727565415906e-05,170.16666666666666,0.49497474683057524,0.002908764427995545
"1,4-androstadiene-17β-ol-3-one",boldenone,C19H26O2, [M+Na]+,309.1825,195.6,195.24716666666666,0.7678896503740099,0.003932910594728271,196.795,0.09643650760993319,0.0004900353546072471,195.55,0,0,195.0666666666667,0.11547005383791858,0.0005919517455805805
"1,4-androstadiene-17β-ol-3-one sulfate",boldenone sulfate,C19H26O5S, [M-H]-,365.1428182,188.2,189.96375,1.187519961554719,0.006251297742620468,190.71400000000003,0.17515707236649367,0.0009184279726003002,191.03,0.03,0.00015704339632518452,191.7,n.d.,n.d.
"1,4-androstadiene-17β-ol-3-one sulfate",boldenone sulfate,C19H26O5S , [M+H]+,367.1574,188.2,186.85058333333336,1.3851355337907199,0.007413065076279146,189.14333333333335,0.08504900548115167,0.0004496537307570185,189.6,0.02,0.00010548523206751055,,,
"1,4-androstadiene-17β-ol-3-one sulfate",boldenone sulfate,C19H26O5S , [M+Na]+,389.1393,212.1,212.92849999999999,1.1347885999897382,0.005329434998084983,214.84666666666666,0.08386497083605911,0.0003903480195304827,,,,,,
4-androstene-4-chloro-17β-ol-3-one,4-chlorotestosterone/clostebol,C19H27ClO2, [M+H]+,323.1772,175.7,174.29291666666668,1.7427634512376329,0.009999049213059238,176.01333333333332,0.06027713773342041,0.00034245779334948344,175.91,0.04,0.0002273890057415724,174.79666666666665,0.5862024678669842,0.0033536249806459936
4-androstene-4-chloro-17β-ol-3-one,4-chlorotestosterone/clostebol,C19H27ClO2, [M+Na]+,345.1592,196.3,195.72341666666668,1.1308717842550715,0.005777907434454001,198.0333333333333,0.13316656236959695,0.0006724451895451792,196.78,0.02,0.00010163634515702815,196.34333333333333,0.1644181660685145,0.0008374013177691179
"5α-androstane-3,17-dione",androstanedione,C19H28O2, [M+H]+,289.2162,176.9,175.99825,1.7039887496961068,0.009681850528037106,177.64000000000001,0.18363006289820674,0.0010337202369860772,180.95,0.11,0.0006079027355623101,180.46666666666667,0.11547005383791858,0.0006398414508935274
4-androstene-17α-ol-3-one,epitestosterone,C19H28O2, [M+H]+,289.2162,173.3,171.74974999999998,1.29721394639715,0.007552930623754329,172.98333333333332,0.06658328118479243,0.0003849115397521482,172.93,0.03,0.0001734805990863355,172.25666666666666,0.47500877184883794,0.002757563936657534
4-androstene-17α-ol-3-one,epitestosterone,C19H28O2, [M+Na]+,311.1982,198.6,197.61866666666666,0.708147818843869,0.003583405509148271,199.00666666666666,0.30435724623101773,0.0015293821625624823,197.35,0.02,0.00010134279199391944,196.83333333333334,0.1913983629327404,0.000972387957321289
4-androstene-17β-ol-3-one,testosterone,C19H28O2, [M+H]+,289.2162,173,171.686,1.2560018818746739,0.007315691913578707,173.27833333333334,0.18540945678866153,0.0010700094652456732,173.27,0.02,0.00011542679055808853,,,
"4-androstene-14α,17β-diol-3-one",14α-hydroxytestosterone,C19H28O3, [M+H]+,305.2111,174.2,174.45125000000004,2.3109070287345053,0.013246720953472702,174.96249999999998,0.24501700621249853,0.0014003972634850242,174.99,0.02,0.00011429224527115835,174,0,0
4-androstene-16α-17β-diol-3-one,16α-hydroxytestosterone,C19H28O3, [M+H]+,305.2111,176.1,174.02925000000002,1.220860882924239,0.007015262566058516,177.1833333333333,0.1001665280087783,0.0005653270323136769,177.51,0.02,0.0001126697087488029,176.56999999999996,0.16462077633154118,0.0009323258556467192
5-androstene-3β-ol-17-one sulfate,DHEA sulfate/Prasterone sulfate,C19H28O5S, [M-H]-,367.1584683,193.7,194.81158333333335,1.2588039386896608,0.006461648312440323,196.33333333333334,0.05773502691895929,0.0002940663510303529,196.81,0.02,0.0001016208525989533,197.85000000000002,n.d.,n.d.
4-androstene-17α-ol-3-one sulfate,epitestosterone sulfate,C19H28O5S, [M+H]+,369.173,191.6,189.74433333333332,1.3764956383600468,0.0072544756103039365,192.29333333333332,0.06806859285553771,0.000353983113587944,192.54,0.05,0.0002596862989508674,,,
4-androstene-17α-ol-3-one sulfate,epitestosterone sulfate,C19H28O5S, [M-H]-,367.1584683,190.9,192.6186666666667,1.1898751144043596,0.006177361389711413,193.35999999999999,0.17720045146669233,0.0009164276554959265,193.48,0.02,0.00010336985734959687,194.47,n.d.,n.d.
4-androstene-17β-ol-3-one sulfate,testosterone sulfate,C19H28O5S, [M+H]+,369.173,190.5,188.81524999999996,1.4831150954540355,0.00785484803507151,191.67999999999998,0.12853015210447954,0.0006705454512963249,192.16,0,0,,,
4-androstene-17β-ol-3-one sulfate,testosterone sulfate,C19H28O5S, [M-H]-,367.1584683,189.3,190.99958333333333,1.152612326084716,0.006034632672853385,191.76666666666665,0.37287173844813354,0.0019444032945322453,192.34,0.05,0.00025995632733700737,193.43,n.d.,n.d.
5α-androstane-17β-ol-3-one,stanolone / dihydrotestosterone,C19H30O2, [M+H]+,291.2319,177.2,176.58241666666666,1.3769116600918765,0.007797558137915071,177.72000000000003,0.21007935008785755,0.001182080520413333,181.12,0.06,0.0003312720848056537,180.83333333333334,0.5131601439446906,0.002837751948081238
5α-androstane-3α-ol-17-one sulfate,androsterone sulfate,C19H30O5S, [M-H]-,369.1741183,193.8,195.3736666666667,1.1762479124381708,0.00602050385042425,195.94999999999996,0.17691806012953867,0.0009028734887958086,196.75,0.05,0.00025412960609911054,196.87,n.d.,n.d.
5α-androstane-3β-ol-17-one sulfate,epiandrosterone sulfate,C19H30O5S, [M-H]-,369.1741183,194.9,196.34141666666667,1.271217773942717,0.006474526849833688,197.33333333333334,0.05773502691895929,0.00029257614992715854,197.73,0.01,5.05740150710565e-05,198.85000000000002,n.d.,n.d.
"4,9,11-estratriene-17β-ol-3-one acetate",trenbolone acetate,C20H24O3, [M+H]+,313.1798,178.8,176.92258333333334,1.4259311125993328,0.008059633121639358,177.72333333333333,0.1418919776919529,0.0007983868804993879,178.56,0.05,0.0002800179211469534,177.63333333333335,1.011599393699576,0.005694873674420581
"4,9,11-estratriene-17β-ol-3-one acetate",trenbolone acetate,C20H24O3, [M+Na]+,335.1618,206.1,205.14327272727272,0.9208635176733916,0.004488879920023659,206.25666666666666,0.15695009822657227,0.0007609455769990737,205.31,0.02,9.741366713749939e-05,204.93333333333337,0.15275252316518598,0.0007453766582556243
4-estrene-17α-ethinyl-17β-ol-3-one,norethindrone/norethisterone,C20H26O2, [M+H]+,299.2006,176.8,175.42527272727276,1.4583598383738563,0.008313282434744251,177.48333333333332,0.08144527815247812,0.00045888972571590645,177.76,0.02,0.00011251125112511252,176.62666666666667,0.06658328118478246,0.0003769718493891964
"1,4-androstadiene-4-chloro-17α-methyl-17β-ol-3-one",oral turinabol,C20H27ClO2 , [M+Na]+,357.1592,199.1,198.665,0.8454421113455126,0.004255616798859953,200.41000000000003,0.22649503305813107,0.0011301583406922362,199.5,0.01,5.012531328320802e-05,199.16666666666666,0.115470053837935,0.0005797659606925608
"1,4-androstadiene-17α-methyl-17β-ol-3-one",dianabol,C20H28O2, [M+H]+,301.2162,175.9,174.86208333333332,1.6849808446892482,0.009636056099578945,176.05999999999997,0.13453624047073304,0.0007641499515547714,175.71,0.03,0.00017073587160662453,174.99333333333334,0.37806525010020364,0.002160455160769193
"1,4-androstadiene-17α-methyl-17β-ol-3-one",dianabol,C20H28O2, [M+Na]+,323.1982,199.9,200.1654166666667,0.7196722054750537,0.003595387342427469,201.35666666666665,0.02886751345947144,0.00014336507421062845,200.08,0.01,4.998000799680128e-05,199.82000000000002,0.25632011235952235,0.001282755041334813
4-androstene-4-chloro-17α-methyl-17β-ol-3-one,methyl-chlorotestosterone,C20H29ClO2, [M+H]+,337.1929,180.8,179.45033333333333,1.534135310693015,0.008549080306489716,180.69500000000002,0.18360283222216842,0.0010160924885700678,180.2,0.01,5.549389567147614e-05,179.4,0.1732050807568943,0.0009654686775746617
4-androstene-4-chloro-17α-methyl-17β-ol-3-one,methyl-chlorotestosterone,C20H29ClO2, [M+Na]+,359.1748,202.2,200.6976666666667,1.0900072838233186,0.005431090963472347,202.51500000000001,0.35742132001323307,0.001764912821337842,201.36,0.01,4.966229638458482e-05,200.84666666666666,0.10503967504391457,0.0005229844078928265
4-androstene-9α-fluoro-11β-ol-17α-methyl-17β-ol-3-one,fluoxymesterone,C20H29FO3, [M+H]+,337.2173,178.3,177.47300000000004,1.6180313515335418,0.009117056405952124,179.1925,0.21733231083604446,0.0012128426738621564,179.33,0.02,0.00011152623654714772,178.0666666666667,0.2516611478423572,0.0014132973484220733
4-androstene-9α-fluoro-11β-ol-17α-methyl-17β-ol-3-one,fluoxymesterone,C20H29FO3, [M+Na]+,359.1993,204.3,204.30258333333333,0.7395881480850506,0.0036200626346381683,205.39499999999998,0.270616579930596,0.0013175421988392904,203.86,0.01,4.9053271853232606e-05,203.86666666666667,0.1527525231652015,0.0007492766015297653
4-androstene-17α-methyl-17β-ol-3-one,methyltestosterone,C20H30O2, [M+H]+,303.2319,177.7,176.702,1.3386094548923793,0.007575519546424938,177.91666666666666,0.16729215960907348,0.0009402838010814435,177.76,0.01,5.625562556255626e-05,177.15666666666667,0.1450287327853908,0.000818646769067252
5α-androstane-17α-methyl-17β-ol-3one,mestanolone,C20H32O2, [M+H]+,305.2475,181.6,181.66225,1.5249327332407447,0.008394329219420902,182.34333333333333,0.055075705472859955,0.00030204397641551625,185.33,0.03,0.0001618734149894782,185.83666666666667,0.6375996654118682,0.003430968047632517
5α-androstane-1α-methyl-17β-ol-3one,mesterolone,C20H32O2, [M+H]+,305.2475,179.5,179.26158333333333,1.4881966181396928,0.00830181565099992,180.475,0.17997222007854521,0.0009972141298160144,182.69,0.01,5.473753352673929e-05,182.07666666666668,0.17214335111567114,0.0009454443244549244
"4,9,11-estratrien-13-ethyl-17-ethinyl-17β-ol-3-one",gestrinone,C21H24O2, [M+H]+,309.1849,179.4,177.19316666666668,1.5691220957959764,0.008855432324587251,177.91,0.17401149387324621,0.0009780872006815032,177.78,0,0,176.83333333333334,0.20816659994661738,0.0011771909516302584
"4,9,11-estratrien-13-ethyl-17-ethinyl-17β-ol-3-one",gestrinone,C21H24O2, [M+Na]+,331.1669,206,204.309,0.6674996765406088,0.0032671085294363384,205.40166666666664,0.2895110821137369,0.0014094875022779931,204.31,0.01,4.89452302873085e-05,204.21,0.11789826122551118,0.0005773383341927975
"1,4-pregnadiene-17,21-diol-3,11,20-trione",prednisone,C21H26O5, [M+H]+,359.1853,184.8,183.561,1.3046504930788576,0.007107449257079976,185.66,0.40037482438334393,0.0021564947990054075,185.95,0.01,5.377789728421619e-05,184.23333333333335,0.3055050463303875,0.0016582506585691378
"1,4-pregnadiene-17,21-diol-3,11,20-trione",prednisone,C21H26O5, [M+Na]+,381.1672,210.7,210.55933333333334,1.4126787792464814,0.006709171979615317,211.8066666666667,0.24684678108765634,0.001165434426462763,210.52,0,0,210.03333333333333,0.20816659994660144,0.0009911122041577596
"1,4-pregnadiene-9α-fluoro-11β,16α,17,21-tetrol-3,20-dione",triamcinolone,C21H27FO6, [M+H]+,395.1864,190,188.43691666666666,1.8246243677352667,0.009682945359177762,190.34333333333333,0.09018499505646095,0.000473801700732681,189.58,0.09,0.0004747336216900516,,,
"1,4-pregnadiene-9α-fluoro-11β,16α,17,21-tetrol-3,20-dione",triamcinolone,C21H27FO6, [M+Na]+,417.1684,214.8,215.1664166666667,1.9751310409154803,0.009179550747342372,215.92,0.18248287590893714,0.0008451411444467263,213.16,0.05,0.00023456558453743668,214.59,0.06082762530297593,0.00028345973858509685
"4-pregnene-17α,21-diol-3,11,20-trione",cortisone,C21H28O5, [M+H]+,361.201,187,185.78908333333334,1.0995151376305758,0.005918082580007576,188.13,0.009999999999990905,5.315473342896351e-05,188.79,0.02,0.00010593781450288681,187.64,0.026457513110637956,0.00014100145550329331
"1,4-pregnadiene-11β,17,21-triol-3,20-dione",prednisolone,C21H28O5, [M+H]+,361.201,186.8,184.80691666666667,1.6438284282476552,0.008894842562698032,186.5,0.47507894080878227,0.002547340165194543,186.55,0.01,5.360493165371214e-05,,,
"1,4-pregnadiene-11β,17,21-triol-3,20-dione",prednisolone,C21H28O5, [M+Na]+,383.1829,211.2,211.13474999999997,1.3950958992778317,0.006607609118242411,212.08333333333334,0.25929391302792104,0.001222603912115934,211.04,0.03,0.00014215314632297195,210.5666666666667,0.20816659994661738,0.0009886018677217857
4-androstene-4-chloro-17β-ol-3-one acetate,4-chlorotestosterone acetate/clostebol acetate,C21H29ClO3, [M+H]+,365.1878,188.7,186.6448333333333,1.9083744550286934,0.010224630497113646,188.17333333333332,0.10115993936994673,0.0005375891343262244,188.54,0.07,0.0003712740002121566,,,
4-androstene-4-chloro-17β-ol-3-one acetate,4-chlorotestosterone acetate/clostebol acetate,C21H29ClO3, [M+Na]+,387.1697,209.6,208.8271666666667,1.249263843835702,0.0059822860395831404,210.60666666666665,0.16862186493255965,0.0008006482776703475,209.59,0.01,4.771220000954244e-05,209.08333333333334,0.7651361534611563,0.003659479410734904
"4-pregnene-3,20-dione",progesterone,C21H30O2, [M+H]+,315.2319,180.4,179.08741666666666,1.2713484221904159,0.0070990382565893064,180.32666666666668,0.1527525231652015,0.0008470878211682584,181.38,0.02,0.00011026574043444702,,,
"4-pregnene-17α-ol-3,20-dione",17-hydroxyprogesterone,C21H30O3, [M+H]+,331.2268,182.7,181.46641666666665,1.0839400736818114,0.0059732268570271444,182.79333333333332,0.12583057392117955,0.0006883761657309505,183.6,0.03,0.0001633986928104575,,,
"4-pregnene-17α-ol-3,20-dione",17-hydroxyprogesterone,C21H30O3, [M+Na]+,353.2087,206.7,205.94574999999998,0.5667589073767668,0.0027519815649352654,208.46,0.4521061822182913,0.002168791049689587,206.6,0.03,0.0001452081316553727,206.13333333333333,0.05773502691895929,0.0002800858356353135
4-androstene-17β-ol-3-one acetate,testosterone acetate,C21H30O3, [M+H]+,331.2268,184.6,184.22375,1.2009739324246962,0.006519104797425393,185.53999999999996,0.11532562594670535,0.000621567456864856,186.47,0.05,0.0002681396471282244,,,
4-androstene-17β-ol-3-one acetate,testosterone acetate,C21H30O3, [M+Na]+,353.2087,209.9,210.55083333333332,0.6840285524786671,0.003248757279415504,211.83,0.21794494717704085,0.0010288672387152,210.45,0.03,0.00014255167498218105,209.99666666666667,0.4582939377008304,0.002182386725348801
"4-pregnene-11β,17,18,21-tetrol-3,20-dione",18-hydroxycortisol,C21H30O6, [M+H]+,379.2115,188.6,187.33133333333333,1.624595185008103,0.008672308877006355,189.92999999999998,0.43034869582700713,0.002265827914637009,190.46,0.05,0.0002625223143967237,189.19999999999996,0.7000000000000028,0.0036997885835095296
"4-pregnene-11β,17,18,21-tetrol-3,20-dione",18-hydroxycortisol,C21H30O6, [M+Na]+,401.1935,200.4,199.55466666666666,2.123083192534911,0.010639105704710376,201.09333333333333,0.3350124375800588,0.0016659549674117762,201.34,0.01,4.966722956193504e-05,200.80000000000004,0.20000000000000284,0.000996015936254994
"5α-androstane-17α-methyl-17β-ol-3,2c-pyrazole",stanozolol,C21H32N2O, [M+H]+,329.2587,190.3,189.5908333333333,1.5990797258726541,0.008434372578874617,190.93999999999997,0.06999999999999318,0.00036660731119719905,191.43,0.05,0.00026119208065611453,190.42666666666665,0.15307950004272886,0.0008038763830839284
"17-α-2,4-pregnadiene-20-yno(2,3-d)isoxazol-17-ol",danazol,C22H27NO2, [M+H]+,338.2115,186.7,186.39533333333335,1.7135173465622409,0.009192919779262574,187.33333333333334,0.10503967504392855,0.0005607100091312912,188.17,0.03,0.0001594303023861402,,,
"1,4-pregnadiene-6α,9α-difluoro-16α-methyl-11β,17,21-triol-3,20-dione",flumethasone,C22H28F2O5, [M+H]+,411.1978,192.6,191.27066666666664,1.9832353884651701,0.010368737784144478,192.01,0.052915026221302765,0.00027558474153066385,192.61,0.04,0.00020767353719952235,,,
"1,4-pregnadiene-6α,9α-difluoro-16α-methyl-11β,17,21-triol-3,20-dione",flumethasone,C22H28F2O5, [M+Na]+,433.1797,217.5,217.71275000000003,1.6003097498467436,0.007350555949739937,218.74333333333334,0.19655363983740906,0.0008985583096052103,217.13,0.04,0.00018422143416386497,216.8466666666667,0.11015141094572163,0.0005079691223247838
4-estrene-17α-ethinyl-17β-ol-3-one acetate,norethindrone acetate,C22H28O3, [M+H]+,341.2111,187.8,187.30225,0.8582738623115995,0.004582293391091669,189.0666666666667,0.08144527815247173,0.00043077544862026647,189.99,0.03,0.0001579030475288173,,,
"1,4-pregnadiene-9α-fluoro-16β-methyl-11β,17,21-triol-3,20-dione",betamethasone,C22H29FO5, [M+Na]+,415.1891,215.5,214.93691666666663,1.6189714163535092,0.007532309672350419,215.9,0.703135833249872,0.0032567662494204356,215.24,0.04,0.00018583906337112061,214.75,0.020000000000010232,9.313154831203834e-05
"1,4-pregnadiene-9α-fluoro-16α-methyl-11β,17,21-triol-3,20-dione",dexamethasone,C22H29FO5, [M+H]+,393.2072,191.6,189.86383333333333,1.8677335235925727,0.00983722645225169,190.83,0.41146081222881636,0.00215616418921981,191.2,0.03,0.00015690376569037657,,,
"1,4-pregnadiene-9α-fluoro-16α-methyl-11β,17,21-triol-3,20-dione",dexamethasone,C22H29FO5, [M+Na]+,415.1891,215.8,215.60833333333332,1.5472808015314745,0.007176349715293045,216.65333333333334,0.351188458428433,0.0016209695601041587,215.48,0.02,9.281603861147207e-05,214.96666666666667,0.2516611478423591,0.0011706984703474606
"1,4-androstadiene-17β-ol-3-one propionate",boldenone propionate,C22H30O3, [M+H]+,343.2268,187.6,187.09583333333333,1.0639213772500762,0.005686504922611369,188.64666666666668,0.11590225767142681,0.0006143880499951946,189.54,0.02,0.00010551862403714256,,,
"1,4-androstadiene-17β-ol-3-one propionate",boldenone propionate,C22H30O3, [M+Na]+,365.2087,213,213.47425,0.7598166196224911,0.003559289327038231,214.74333333333334,0.19629909152447472,0.0009141102937979047,214,0.04,0.00018691588785046728,213.84333333333333,0.3564173583501969,0.0016667218603192222
"1,4-pregnadiene-6α-methyl-11β,17α,21-triol-3,20-one",6α-methylprednisolone,C22H30O5, [M+H]+,375.2166,190.4,189.38583333333335,1.7439815904644134,0.009208616926456553,190.41333333333333,0.12583057392117955,0.0006608285865197441,190.26,0.02,0.00010511931041732368,,,
"1,4-pregnadiene-6α-methyl-11β,17α,21-triol-3,20-one",6α-methylprednisolone,C22H30O5, [M+Na]+,397.1985,214.5,214.3914166666667,0.9066699768767525,0.004229040467074448,215.56000000000003,0.2773084924772347,0.0012864561721898065,215.08,0.03,0.00013948298307606472,214.56333333333336,0.14502873278539077,0.0006759250545389431
"4-pregnene-6α-methyl-17-ol-3,20-dione",medroxyprogesterone,C22H32O3, [M+H]+,345.2424,186.9,185.58516666666665,1.209069577164293,0.006514904175159256,186.6,0.045825756949547734,0.0002455828346706738,187.36,0.01,5.33731853116994e-05,,,
"4-pregnene-6α-methyl-17-ol-3,20-dione",medroxyprogesterone,C22H32O3, [M+Na]+,367.2244,210.6,210.28650000000002,0.9980632608844358,0.004746207012263914,211.65333333333334,0.4970244796117516,0.0023482950718710705,210.59,0.02,9.497127119046488e-05,210.36666666666667,0.1527525231652015,0.0007261251299249001
"4-pregnene-11β,17,21-triol-3,20-dione 21-acetate",cortisol 21-acetate/ hydrocortisone acetate,C23H32O6, [M+H]+,405.2272,198.8,196.50025000000002,2.0287183202029944,0.010324253125392941,198.57000000000002,0.3996248240537581,0.002012513592454842,199.1,0.03,0.00015067805123053743,199.76666666666665,0.4041451884327303,0.002023086209407961
"4-pregnene-11β,17,21-triol-3,20-dione 21-acetate",cortisol 21-acetate/ hydrocortisone acetate,C23H32O6, [M+Na]+,427.2091,204.7,202.9645833333333,2.6482993327908773,0.013048085972918318,202.74,0.5242136968832504,0.0025856451459171865,202.61,0.03,0.00014806771630225554,201.66666666666666,0.37859388972001295,0.0018773250729917999
"1,4-pregnadiene-6-fluoro-11β,16α,17,21-tetrol-3,20-dione acetonide",flunisolide,C24H31FO6, [M+H]+,435.2177,202.5,201.0425,1.6269037799116788,0.00809233758987119,201.61333333333332,0.06658328118479243,0.00033025237013818086,202.18,0.04,0.00019784350578692255,,,
"1,4-pregnadiene-6-fluoro-11β,16α,17,21-tetrol-3,20-dione acetonide",flunisolide,C24H31FO6, [M+Na]+,457.1997,227,227.72236363636358,1.8091159870349565,0.0079443931555349,226.90666666666667,0.18823743871327503,0.0008295809086552843,226.13,0.04,0.00017688939990271083,,,
"pregna-1,4-diene-3,20-dione, 9-fluoro-11,21-dihydroxy-16,17-((1-methylethylidene)bis(oxy))-, (11β,16α)-",triamcinolone acetonide,C24H31FO6, [M+H]+,435.2177,200.2,199.96125000000004,1.7879204845548695,0.008941334806393085,200.44333333333336,0.35501173689517757,0.0017711326737158176,200.77,0.05,0.0002490411914130597,,,
"pregna-1,4-diene-3,20-dione, 9-fluoro-11,21-dihydroxy-16,17-((1-methylethylidene)bis(oxy))-, (11β,16α)-",triamcinolone acetonide,C24H31FO6, [M+Na]+,457.1997,224.7,225.38866666666664,1.0827372999052303,0.004803867540982083,225.74333333333334,0.5006329327294953,0.002217708604445293,224.63,0.03,0.00013355295374616036,224.5,0.30000000000001137,0.0013363028953229906
"1,4-pregnadiene-11β,16α,17,21-tetrol-3,20-dione 16,17 acetonide",desonide,C24H32O6, [M+H]+,417.2272,200.9,198.96041666666665,1.7105650027952417,0.008597514176204607,200.1,0.42296571965112967,0.002113771712399449,200.65,0.03,0.000149514079242462,200.16666666666666,0.4041451884327479,0.0020190434059920792
"1,4-pregnadiene-11β,16α,17,21-tetrol-3,20-dione 16,17 acetonide",desonide,C24H32O6, [M+Na]+,439.2091,225.3,224.86575000000002,1.0265326567891282,0.004565091201257319,225.02666666666664,0.049328828623166586,0.00021921325749466698,224.55,0.01,4.45335114673792e-05,224.5,0.09999999999999432,0.00044543429844095465
"1,3,5(10)-estratriene-3,17β-diol-17-glucuronide",estradiol 17-glucuronide,C24H32O8, [M+Na]+,471.1989,222.4,221.79316666666668,2.3261311161877734,0.010487839418802833,222.92666666666665,0.33291640592397065,0.0014933897810519333,,,,225.476666666667,1.9802609255684822,0.008782553666610644
"1,3,5(10)-estratriene-3,17β-diol-17-glucuronide",estradiol 17-glucuronide,C24H32O8, [M-H]-,447.2024415,214.9,215.86383333333333,0.8715923602374207,0.004037695183942751,216.47199999999998,0.32088938904239434,0.001482359792686326,216.98,0.05,0.00023043598488339942,218.55,n.d.,n.d.
"1,3,5(10)-estratiene-3,17β-diol 3-glucuronide",estradiol 3-glucuronide,C24H32O8, [M+Na]+,471.1989,217,214.60300000000004,2.3824056596794683,0.011101455523359264,215.6983333333333,0.15651411012003658,0.0007256157602208483,,,,215.81333333333336,0.24583192089988815,0.0011390951481213153
"1,3,5(10)-estratiene-3,17β-diol 3-glucuronide",estradiol 3-glucuronide,C24H32O8, [M-H]-,447.2024415,218.5,220.2085,0.42284394284417065,0.001920198097912527,219.62,0.7036334272900937,0.003203867713733238,220.45,0.02,9.072352007257883e-05,221.65,n.d.,n.d.
"1,3,5(10)-estratriene-3,16α-17β-triol-3-glucuronide",estriol 3-glucuronide,C24H32O9, [M+Na]+,487.1939,220.2,218.15258333333335,2.314500199663512,0.010609547520814805,219.27999999999997,0.09165151389912027,0.0004179656781244084,,,,219.26666666666668,0.1527525231652015,0.0006966518234959022
"1,3,5(10)-estratriene-3,16α-17β-triol-3-glucuronide",estriol 3-glucuronide,C24H32O9, [M-H]-,463.1973562,221.7,222.44925,1.0704163272467222,0.004811957456573678,222.39666666666668,0.8470143643016633,0.0038085749080546617,224.01,0.05,0.00022320432123565915,224.5,n.d.,n.d.
"4-pregnene-6α-methyl-17-ol-3,20-dione acetate",medroxyprogesterone acetate,C24H34O4, [M+H]+,387.253,199.9,198.39249999999996,1.2210952237456947,0.006154946501232128,198.67666666666665,0.06110100926606571,0.00030753993557068794,199.93,0.03,0.0001500525183814335,,,
4-estrene-17β-ol-3-one D-glucuronide,19-nortestosterone glucuronide,C24H34O8, [M+H]+,451.2326,217.5,215.59775,1.7094751520436142,0.00792900274721612,217.32000000000002,0.14422205101855848,0.0006636391083128956,218.75,0.02,9.142857142857143e-05,217.33333333333334,0.4509249752822922,0.0020748081684768046
4-estrene-17β-ol-3-one D-glucuronide,19-nortestosterone glucuronide,C24H34O8 , [M-H]-,449.2180916,214,215.46466666666666,1.3632454146653372,0.006327002175137783,214.97666666666666,0.8115622793928601,0.003775117978972261,216.32,0.07,0.00032359467455621304,216.6,n.d.,n.d.
5α-estrane-3α-ol-17-one glucuronide,19-norandrosterone glucuronide,C24H36O8, [M+Na]+,475.2302,223.4,223.27666666666667,2.4654517687925726,0.011042138014686887,224.20000000000002,0.2523885892824794,0.0011257296578165896,225.86,0.08,0.0003542017178783317,225.76666666666665,0.0577350269189757,0.0002557287476109953
5α-estrane-3α-ol-17-one glucuronide,19-norandrosterone glucuronide,C24H36O8, [M-H]-,451.2337417,214.1,214.33883333333335,1.0207335003750373,0.00476224249474953,213.66333333333333,0.713185342904166,0.0033378929916418323,214.27,0.07,0.0003266906239790918,214.4,n.d.,n.d.
5β-estrane-3α-ol-17-one glucuronide,19-noretiocholanolone glucuronide,C24H36O8, [M+Na]+,475.2302,205.4,202.8646666666667,2.745311518449836,0.013532723877247405,205.50666666666666,0.3458805188693585,0.0016830622795822934,205.58,0.12,0.0005837143691020527,204.86666666666667,0.1527525231652015,0.0007456192149293922
5β-estrane-3α-ol-17-one glucuronide,19-noretiocholanolone glucuronide,C24H36O8 , [M-H]-,451.2337417,205.1,205.03191666666666,0.5749114490444795,0.0028040095336920126,204.46,0.6421059102671459,0.0031404964798354,204.71,0.03,0.00014654877631771775,204.8,n.d.,n.d.
4-estrene-17β-ol-3-one benzoate,19-nortestosterone benzoate,C25H30O3, [M+H]+,379.2268,201.7,200.90466666666669,0.978762422035033,0.004871775445908173,202.98333333333335,0.04618802153516087,0.00022754588160847788,204.83,0.01,4.882097349021139e-05,,,
"1,4-pregnadiene-9α-fluoro-11β,16α,17,21-tetrol-3,20-dione 16,21-diacetate","triamcinolone 16,21-diacetate",C25H31FO8, [M+H]+,479.2076,211.8,209.953,1.8647417564321938,0.008881710461066018,211.1533333333333,0.20305992547357826,0.0009616704707806884,211.84,0.04,0.00018882175226586103,,,
"1,4-pregnadiene-9α-fluoro-11β,16α,17,21-tetrol-3,20-dione 16,21-diacetate","triamcinolone 16,21-diacetate",C25H31FO8, [M+Na]+,501.1895,218.5,216.28525,2.034623044157856,0.009407128059624298,217.3033333333333,0.1858314648635486,0.0008551707974883739,218.08,0.05,0.0002292736610418195,218,0.19999999999998863,0.0009174311926604984
"4,6-pregnadiene-6-methyl-16-methylene-17-ol-3,20-dione acetate",melengestrol acetate,C25H32O4, [M+H]+,397.2373,201.2,200.40733333333333,1.43588346788078,0.00716482497919627,200.4,0.05291502622129203,0.0002640470370323953,201.19,0.02,9.940851931010488e-05,,,
"1,4-pregnadiene-11β,17,21-triol-3,20-dione 21-hemisuccinate",prednisolone 21-hemisuccinate,C25H32O8, [M+H]+,461.217,215.1,211.09641666666667,2.521614109989265,0.011945319346519453,212.14666666666668,0.5326662494783436,0.002510839589647148,212.07,0.04,0.00018861696609610035,,,
"1,4-pregnadiene-11β,17,21-triol-3,20-dione 21-hemisuccinate",prednisolone 21-hemisuccinate,C25H32O8, [M+Na]+,483.1989,214.2,211.82524999999998,2.168944532800144,0.010239310624206247,211.91333333333333,0.6379916404886011,0.003010625289372705,211.34,0.02,9.463423866754992e-05,210.6,0.09999999999999432,0.00047483380816711453
"1,4-androstadiene-17β-ol-3-one glucuronide",boldenone glucuronide,C25H34O8, [M+H]+,463.2326,217.6,215.9224166666667,1.5598800920311642,0.007224261918294715,217.49,0.15716233645501704,0.0007226186788128972,217.95,0.01,4.588208304657032e-05,216.33333333333334,0.6658328118479342,0.0030778096079257357
"1,4-androstadiene-17β-ol-3-one glucuronide",boldenone glucuronide,C25H34O8, [M+Na]+,485.2146,228.5,229.70841666666664,2.6699841149794166,0.011623362146341685,229.65666666666667,0.5192622972384318,0.002261037333578088,230.43,0.03,0.0001301913813305559,230.69999999999996,0.20000000000000284,0.0008669267446900861
"4-pregnene-11β,17,21-triol-3,20-dione 21-hemisuccinate",hydrocortisone hemisuccinate,C25H34O8, [M+H]+,463.2326,216.2,213.30858333333336,1.798283800957983,0.008430433378988028,214.57000000000002,0.1777638883463116,0.0008284657144349703,214.34,0.04,0.0001866193897545955,214.07333333333335,0.7092484285025414,0.003313109659474361
"4-pregnene-11β,17,21-triol-3,20-dione 21-hemisuccinate",hydrocortisone hemisuccinate,C25H34O8, [M+Na]+,485.2146,212.1,208.85033333333334,1.868012474813968,0.008944263794075667,210.99,0.10535653752853139,0.0004993437486541134,211.37,0.04,0.00018924161423096938,210.4466666666667,0.11676186592092191,0.0005548287733436274
"1,4-androstadiene-17β-ol-3-one glucuronide",boldenone glucuronide,C25H34O8 , [M-H]-,461.2180916,217,217.67683333333332,0.4761569323683372,0.0021874488206982856,217.23333333333335,0.8611813591418064,0.003964314987609972,218.22,0.08,0.0003666025112272019,218.4,n.d.,n.d.
5-androstene-3β-ol-17-one glucuronide,DHEA glucuronide,C25H36O8, [M+Na]+,487.2302,231.6,231.8183333333333,1.6841108435412875,0.007264787125872793,232.705,0.7486454434510309,0.0032171437805420203,234.3,0.02,8.536064874093042e-05,234.86333333333334,0.04932882862315026,0.00021003205533636692
5-androstene-3β-ol-17-one glucuronide,DHEA glucuronide,C25H36O8, [M-H]-,463.2337417,221.2,222.23874999999998,0.6618117179379636,0.0029779312470843344,221.86666666666667,0.05773502691895929,0.00026022397950252083,221.83,0.03,0.00013523869629896766,223.14999999999998,n.d.,n.d.
4-androstene-17α-ol-3-one glucuronide,epitestosterone glucuronide,C25H36O8, [M+H]+,465.2483,206,203.763,2.283002727669297,0.011204206493177353,204.74333333333334,0.0907377172587788,0.00044317788414166743,204.64,0.06,0.00029319781078967946,,,
4-androstene-17α-ol-3-one glucuronide,epitestosterone glucuronide,C25H36O8, [M+Na]+,487.2302,210.6,208.4974166666667,2.331168511452542,0.011180802854643882,210.57666666666668,0.39374272480051803,0.0018698307416167572,210.17,0.05,0.00023790265023552364,209.56000000000003,0.44508426168535076,0.00212389893913605
4-androstene-17α-ol-3-one glucuronide,epitestosterone glucuronide,C25H36O8, [M-H]-,463.2337417,218.3,219.2843333333333,1.311182903358875,0.0059793733707631126,219.18800000000002,0.3171277345171829,0.0014468298196853061,218.99,0.04,0.00018265674231700076,220.09,n.d.,n.d.
4-androstene-17β-ol-3-one 17-glucuronide,testosterone glucuronide,C25H36O8, [M+H]+,465.2483,219.8,218.5545833333333,1.4140447760901607,0.006469984543556789,220.33833333333334,0.2136742068352316,0.0009697550290170341,221.25,0.03,0.00013559322033898305,221.13857142857145,0.7564376769990201,0.0034206501023877336
4-androstene-17β-ol-3-one 17-glucuronide,testosterone glucuronide,C25H36O8, [M+Na]+,487.2302,229.9,229.67550000000003,3.397633869193517,0.014793192435386085,230.59166666666667,0.7229930535341599,0.0031353824012178523,229.91,0.03,0.00013048584228611196,230.42666666666665,0.414286535302968,0.0017979105513090269
4-androstene-17β-ol-3-one 17-glucuronide,testosterone glucuronide,C25H36O8, [M-H]-,463.2337417,218.4,219.06425000000002,0.8565163189020133,0.003909886341116879,218.92999999999998,0.3204213201899351,0.0014635788616906551,219.47,0.07,0.00031895019820476605,220.52,n.d.,n.d.
4-androstene-17β-ol-3-one isocaproate,testosterone 4-methylvalerate,C25H38O3, [M+H]+,387.2894,208.6,208.85541666666666,1.0609813174889595,0.00507997989433181,209.34333333333333,0.09504384952922047,0.0004540094399752582,210.94,0.05,0.00023703422774248604,,,
5β-androstane-3α-ol-17-one glucuronide,etiocholanolone glucuronide,C25H38O8, [M+Na]+,489.2459,208.8,205.96666666666667,2.6529130244226846,0.012880302756543217,208.53333333333333,0.37447741364911347,0.0017957676485731145,208.35,0.05,0.00023998080153587716,207.78333333333333,0.36115555282085576,0.0017381353308134552
5β-androstane-3α-ol-17-one glucuronide,etiocholanolone glucuronide,C25H38O8, [M-H]-,465.2493917,206.9,207.79658333333336,1.0650209095969838,0.005125305202388956,207.394,0.27364210202378914,0.0013194311408420163,206.87,0.03,0.00014501861072170927,207.93,n.d.,n.d.
5α-androstane-3β-ol-17-one glucuronide,epiandrosterone glucuronide,C25H38O8 , [M+Na]+,489.2459,232,231.8599166666667,1.6768929308441707,0.007232353720091063,233.66833333333332,0.3432443250319919,0.001468938131819282,,,,235.0233333333333,0.21079215671682897,0.000896898847136436
5α-androstane-3β-ol-17-one glucuronide,epiandrosterone glucuronide,C25H38O8 , [M-H]-,465.2493917,221.4,222.53099999999998,0.7511132344121583,0.0033753195483422907,221.72333333333333,0.6958687615731453,0.0031384552591359137,221.85,0.01,4.50755014649538e-05,222.6,n.d.,n.d.
4-androstene-17β-ol-3-one benzoate,testosterone benzoate,C26H32O3, [M+H]+,393.2424,205,204.73283333333336,1.247571446912569,0.006093655944678644,205.70000000000002,0.16005909220373893,0.0007781190675923137,207.77,0.04,0.00019252057563652115,,,
4-androstene-17β-ol-3-one enanthate,testosterone enanthate,C26H40O3, [M+H]+,401.305,215,215.46399999999997,1.282155784039307,0.005950672892173668,215.58,0.04887120211918146,0.0002266963638518483,217.23,0.02,9.206831468949961e-05,,,
"1,4-pregnadiene-16α-methyl-6α,9-difluoro-11β,21-diol-3,20-dione 21-pivalate",diflucortolone pivalate,C27H36F2O5, [M+Na]+,501.2423,244.9,245.73166666666668,1.4211584476522403,0.005783375284635301,244.24666666666667,0.5558177159225196,0.002275640947358625,243.64,0.04,0.00016417665407978988,244.0333333333333,0.3055050463303999,0.0012518988375784725
4-androstene-17β-ol-3-one cypionate,testosterone cypionate,C27H40O3, [M+H]+,413.305,217.7,218.09566666666663,1.378928393772323,0.0063225850144003615,218.38333333333333,0.05043947688882887,0.00023096761148818837,220.3,0.04,0.00018157058556513844,,,
"4-pregnene-17-ol-3,20-dione caproate",17-caproxyprogesterone,C27H40O4, [M+H]+,429.2999,215.8,214.1453333333333,1.4031405899451102,0.006552281892414701,214.19999999999996,0.07937253933194072,0.00037055340491102114,215.3,0.02,9.289363678588016e-05,,,
"4-pregnene-17-ol-3,20-dione caproate",17-caproxyprogesterone,C27H40O4, [M+Na]+,451.2819,226.7,227.10383333333334,1.9596945881406838,0.008629068736432675,224.82333333333335,0.18009256878987515,0.0008010403818844802,225.09,0.02,8.885334754986894e-05,225.13333333333333,0.05773502691895929,0.0002564481503655284
"1,3,5(10)-estratiene-3,17β-diol diglucuronide",estradiol diglucuronide,C30H40O14, [M+Na]+,647.231,264.4,262.89200000000005,1.345229145738911,0.0051170410120464326,260.276,0.6140276866721839,0.002359140630224008,,,,261.90000000000003,0.26457513110645475,0.0010102143226668756
"1,3,5(10)-estratiene-3,17β-diol diglucuronide",estradiol diglucuronide,C30H40O14, [M-H]-,623.2345295,255,254.27008333333336,1.1241791719321557,0.004421201099220241,253.76666666666668,0.1527525231652015,0.0006019408505130756,238.17,0.06,0.00025192089683839276,237,n.d.,n.d.
"1,4-androstadiene-17β-ol-3-one undecylenate*",boldenone undecylenate*,C30H44O3, [M+H]+,453.3363,226.6,223.55316666666667,0.9543510725602844,0.004269011648505469,222.88666666666666,0.0862167810425101,0.0003868189261022497,222.39,0.02,8.993210126354603e-05,,,
"1,4-androstadiene-17β-ol-3-one undecylenate*",boldenone undecylenate*,C30H44O3, [M+Na]+,475.3183,253.6,255.36091666666672,2.35788755450657,0.009233549069626888,260.06,0.2381176179958007,0.0009156256940544516,249.61,0.03,0.0001201874924882817,249.66,0.3404408906109875,0.0013636180830368801
"*Multiple conformations observed using drift tube or trapped ion mobility mass spectrometry. HRdm DTCCSN2 of conformers can be reviewed in the ""Hrdm Results BU"" sheet",,,,,,,,,,,,,,,,,
,,,,,,,,,,,,,,,,,
,,,,,,,,,,,,,,,,,
,,,,,,,,,,,,,,,,,
,,,,,,,,,,,,,,,,,
