source_id,doi,source_locator,licence,compound,sample_origin,structure_iupac,adduct,charge,polarity,ccs_A2,ccs_2sd,ims_type,cell_gas,drift_gas,calibrant,calibrant_reference,reducing_end_label,derivatisation,replicates,instrument
struwe2016,10.1039/c6cc06247d,ESI Table S1,CC-BY-3.0,LNH,synthetic standard,Gal(b1-4)GlcNAc(b1-6)[Gal(b1-3)GlcNAc(b1-3)]Gal(b1-4)Glc,[M+H]+,1,positive,225.5,0.4,TWIMS,N2,He,dextran,helium CCS reference values,native,underivatised,2,Synapt G2-S HDMS
struwe2016,10.1039/c6cc06247d,ESI Table S1,CC-BY-3.0,LNH,synthetic standard,Gal(b1-4)GlcNAc(b1-6)[Gal(b1-3)GlcNAc(b1-3)]Gal(b1-4)Glc,[M+Na]+,1,positive,233.6,2.0,TWIMS,N2,He,dextran,helium CCS reference values,native,underivatised,2,Synapt G2-S HDMS
struwe2016,10.1039/c6cc06247d,ESI Table S1,CC-BY-3.0,LNH,synthetic standard,Gal(b1-4)GlcNAc(b1-6)[Gal(b1-3)GlcNAc(b1-3)]Gal(b1-4)Glc,[M-H]-,-1,negative,255.2,1.6,TWIMS,N2,He,dextran,helium CCS reference values,native,underivatised,2,Synapt G2-S HDMS
struwe2016,10.1039/c6cc06247d,ESI Table S1,CC-BY-3.0,LNH,synthetic standard,Gal(b1-4)GlcNAc(b1-6)[Gal(b1-3)GlcNAc(b1-3)]Gal(b1-4)Glc,[M+Cl]-,-1,negative,244.5,2.4,TWIMS,N2,He,dextran,helium CCS reference values,native,underivatised,2,Synapt G2-S HDMS
struwe2016,10.1039/c6cc06247d,ESI Table S1,CC-BY-3.0,LNH,human milk,Gal(b1-4)GlcNAc(b1-6)[Gal(b1-3)GlcNAc(b1-3)]Gal(b1-4)Glc,[M+H]+,1,positive,228.9,3.0,TWIMS,N2,He,dextran,helium CCS reference values,native,underivatised,1,Synapt G2-S HDMS
struwe2016,10.1039/c6cc06247d,ESI Table S1,CC-BY-3.0,LNH,human milk,Gal(b1-4)GlcNAc(b1-6)[Gal(b1-3)GlcNAc(b1-3)]Gal(b1-4)Glc,[M+Na]+,1,positive,231.3,2.6,TWIMS,N2,He,dextran,helium CCS reference values,native,underivatised,1,Synapt G2-S HDMS
struwe2016,10.1039/c6cc06247d,ESI Table S1,CC-BY-3.0,LNH,human milk,Gal(b1-4)GlcNAc(b1-6)[Gal(b1-3)GlcNAc(b1-3)]Gal(b1-4)Glc,[M-H]-,-1,negative,256.2,0.8,TWIMS,N2,He,dextran,helium CCS reference values,native,underivatised,1,Synapt G2-S HDMS
struwe2016,10.1039/c6cc06247d,ESI Table S1,CC-BY-3.0,LNH,human milk,Gal(b1-4)GlcNAc(b1-6)[Gal(b1-3)GlcNAc(b1-3)]Gal(b1-4)Glc,[M+Cl]-,-1,negative,245.0,0.6,TWIMS,N2,He,dextran,helium CCS reference values,native,underivatised,1,Synapt G2-S HDMS
struwe2016,10.1039/c6cc06247d,ESI Table S1,CC-BY-3.0,LNnH,synthetic standard,Gal(b1-4)GlcNAc(b1-6)[Gal(b1-4)GlcNAc(b1-3)]Gal(b1-4)Glc,[M+H]+,1,positive,228.6,1.0,TWIMS,N2,He,dextran,helium CCS reference values,native,underivatised,2,Synapt G2-S HDMS
struwe2016,10.1039/c6cc06247d,ESI Table S1,CC-BY-3.0,LNnH,synthetic standard,Gal(b1-4)GlcNAc(b1-6)[Gal(b1-4)GlcNAc(b1-3)]Gal(b1-4)Glc,[M+Na]+,1,positive,225.0,2.0,TWIMS,N2,He,dextran,helium CCS reference values,native,underivatised,2,Synapt G2-S HDMS
struwe2016,10.1039/c6cc06247d,ESI Table S1,CC-BY-3.0,LNnH,synthetic standard,Gal(b1-4)GlcNAc(b1-6)[Gal(b1-4)GlcNAc(b1-3)]Gal(b1-4)Glc,[M-H]-,-1,negative,227.6,1.8,TWIMS,N2,He,dextran,helium CCS reference values,native,underivatised,2,Synapt G2-S HDMS
struwe2016,10.1039/c6cc06247d,ESI Table S1,CC-BY-3.0,LNnH,synthetic standard,Gal(b1-4)GlcNAc(b1-6)[Gal(b1-4)GlcNAc(b1-3)]Gal(b1-4)Glc,[M+Cl]-,-1,negative,244.3,1.2,TWIMS,N2,He,dextran,helium CCS reference values,native,underivatised,2,Synapt G2-S HDMS
struwe2016,10.1039/c6cc06247d,ESI Table S1,CC-BY-3.0,LNnH,human milk,Gal(b1-4)GlcNAc(b1-6)[Gal(b1-4)GlcNAc(b1-3)]Gal(b1-4)Glc,[M+H]+,1,positive,228.9,3.0,TWIMS,N2,He,dextran,helium CCS reference values,native,underivatised,1,Synapt G2-S HDMS
struwe2016,10.1039/c6cc06247d,ESI Table S1,CC-BY-3.0,LNnH,human milk,Gal(b1-4)GlcNAc(b1-6)[Gal(b1-4)GlcNAc(b1-3)]Gal(b1-4)Glc,[M+Na]+,1,positive,226.6,2.2,TWIMS,N2,He,dextran,helium CCS reference values,native,underivatised,1,Synapt G2-S HDMS
struwe2016,10.1039/c6cc06247d,ESI Table S1,CC-BY-3.0,LNnH,human milk,Gal(b1-4)GlcNAc(b1-6)[Gal(b1-4)GlcNAc(b1-3)]Gal(b1-4)Glc,[M-H]-,-1,negative,228.7,0.6,TWIMS,N2,He,dextran,helium CCS reference values,native,underivatised,1,Synapt G2-S HDMS
struwe2016,10.1039/c6cc06247d,ESI Table S1,CC-BY-3.0,LNnH,human milk,Gal(b1-4)GlcNAc(b1-6)[Gal(b1-4)GlcNAc(b1-3)]Gal(b1-4)Glc,[M+Cl]-,-1,negative,245.0,0.6,TWIMS,N2,He,dextran,helium CCS reference values,native,underivatised,1,Synapt G2-S HDMS
struwe2016,10.1039/c6cc06247d,ESI Table S1,CC-BY-3.0,LNnH,pig milk,Gal(b1-4)GlcNAc(b1-6)[Gal(b1-4)GlcNAc(b1-3)]Gal(b1-4)Glc,[M+H]+,1,positive,230.1,1.2,TWIMS,N2,He,dextran,helium CCS reference values,native,underivatised,1,Synapt G2-S HDMS
struwe2016,10.1039/c6cc06247d,ESI Table S1,CC-BY-3.0,LNnH,pig milk,Gal(b1-4)GlcNAc(b1-6)[Gal(b1-4)GlcNAc(b1-3)]Gal(b1-4)Glc,[M+Na]+,1,positive,225.7,1.0,TWIMS,N2,He,dextran,helium CCS reference values,native,underivatised,1,Synapt G2-S HDMS
struwe2016,10.1039/c6cc06247d,ESI Table S1,CC-BY-3.0,LNnH,pig milk,Gal(b1-4)GlcNAc(b1-6)[Gal(b1-4)GlcNAc(b1-3)]Gal(b1-4)Glc,[M-H]-,-1,negative,229.8,0.6,TWIMS,N2,He,dextran,helium CCS reference values,native,underivatised,1,Synapt G2-S HDMS
struwe2016,10.1039/c6cc06247d,ESI Table S1,CC-BY-3.0,LNnH,horse milk,Gal(b1-4)GlcNAc(b1-6)[Gal(b1-4)GlcNAc(b1-3)]Gal(b1-4)Glc,[M+Na]+,1,positive,223.1,1.8,TWIMS,N2,He,dextran,helium CCS reference values,native,underivatised,1,Synapt G2-S HDMS
struwe2016,10.1039/c6cc06247d,ESI Table S1,CC-BY-3.0,LNT,synthetic standard,Gal(b1-3)GlcNAc(b1-3)Gal(b1-4)Glc,[M+H]+,1,positive,177.9,0.8,TWIMS,N2,He,dextran,helium CCS reference values,native,underivatised,2,Synapt G2-S HDMS
struwe2016,10.1039/c6cc06247d,ESI Table S1,CC-BY-3.0,LNT,synthetic standard,Gal(b1-3)GlcNAc(b1-3)Gal(b1-4)Glc,[M+Na]+,1,positive,170.5,1.0,TWIMS,N2,He,dextran,helium CCS reference values,native,underivatised,2,Synapt G2-S HDMS
struwe2016,10.1039/c6cc06247d,ESI Table S1,CC-BY-3.0,LNT,synthetic standard,Gal(b1-3)GlcNAc(b1-3)Gal(b1-4)Glc,[M-H]-,-1,negative,172.2,1.0,TWIMS,N2,He,dextran,helium CCS reference values,native,underivatised,2,Synapt G2-S HDMS
struwe2016,10.1039/c6cc06247d,ESI Table S1,CC-BY-3.0,LNT,synthetic standard,Gal(b1-3)GlcNAc(b1-3)Gal(b1-4)Glc,[M+Cl]-,-1,negative,182.1,1.2,TWIMS,N2,He,dextran,helium CCS reference values,native,underivatised,2,Synapt G2-S HDMS
struwe2016,10.1039/c6cc06247d,ESI Table S1,CC-BY-3.0,LNnT,synthetic standard,Gal(b1-4)GlcNAc(b1-3)Gal(b1-4)Glc,[M+H]+,1,positive,189.1,0.4,TWIMS,N2,He,dextran,helium CCS reference values,native,underivatised,2,Synapt G2-S HDMS
struwe2016,10.1039/c6cc06247d,ESI Table S1,CC-BY-3.0,LNnT,synthetic standard,Gal(b1-4)GlcNAc(b1-3)Gal(b1-4)Glc,[M+Na]+,1,positive,169.6,1.0,TWIMS,N2,He,dextran,helium CCS reference values,native,underivatised,2,Synapt G2-S HDMS
struwe2016,10.1039/c6cc06247d,ESI Table S1,CC-BY-3.0,LNnT,synthetic standard,Gal(b1-4)GlcNAc(b1-3)Gal(b1-4)Glc,[M-H]-,-1,negative,186.3,0.8,TWIMS,N2,He,dextran,helium CCS reference values,native,underivatised,2,Synapt G2-S HDMS
struwe2016,10.1039/c6cc06247d,ESI Table S1,CC-BY-3.0,LNnT,synthetic standard,Gal(b1-4)GlcNAc(b1-3)Gal(b1-4)Glc,[M+Cl]-,-1,negative,180.4,0.8,TWIMS,N2,He,dextran,helium CCS reference values,native,underivatised,2,Synapt G2-S HDMS
