source_id,doi,source_locator,licence,compound,composition,sample_origin,structure_iupac,structure_status,adduct,charge,polarity,ccs_A2,ccs_uncertainty,uncertainty_type,conformer,conformers_total,ims_type,cell_gas,drift_gas,calibrant,calibrant_reference,reducing_end_label,derivatisation,instrument
struwe2015_analyst,10.1039/c5an01092f,ESI Table S1,CC-BY-3.0,Man3,Hex3HexNAc2,synthetic standard,,NOT_READ_FROM_PAPER_needs_annotation,[M-H]-,-1,negative,266.9,,unknown,,1,TWIMS,UNSTATED,UNSTATED,dextran,"DTCCS dextran ladder, gas not stated in ESI",native,underivatised,Synapt G2Si
struwe2015_analyst,10.1039/c5an01092f,ESI Table S1,CC-BY-3.0,Man3,Hex3HexNAc2,synthetic standard,,NOT_READ_FROM_PAPER_needs_annotation,[M+Cl]-,-1,negative,277.3,,unknown,,1,TWIMS,UNSTATED,UNSTATED,dextran,"DTCCS dextran ladder, gas not stated in ESI",native,underivatised,Synapt G2Si
struwe2015_analyst,10.1039/c5an01092f,ESI Table S1,CC-BY-3.0,Man3,Hex3HexNAc2,synthetic standard,,NOT_READ_FROM_PAPER_needs_annotation,[M+H2PO4]-,-1,negative,279.4,,unknown,,1,TWIMS,UNSTATED,UNSTATED,dextran,"DTCCS dextran ladder, gas not stated in ESI",native,underivatised,Synapt G2Si
struwe2015_analyst,10.1039/c5an01092f,ESI Table S1,CC-BY-3.0,Man3,Hex3HexNAc2,synthetic standard,,NOT_READ_FROM_PAPER_needs_annotation,[M+H]+,1,positive,301.1,,unknown,,1,TWIMS,UNSTATED,UNSTATED,dextran,"DTCCS dextran ladder, gas not stated in ESI",native,underivatised,Synapt G2Si
struwe2015_analyst,10.1039/c5an01092f,ESI Table S1,CC-BY-3.0,Man3,Hex3HexNAc2,synthetic standard,,NOT_READ_FROM_PAPER_needs_annotation,[M+Na]+,1,positive,304.6,,unknown,,1,TWIMS,UNSTATED,UNSTATED,dextran,"DTCCS dextran ladder, gas not stated in ESI",native,underivatised,Synapt G2Si
struwe2015_analyst,10.1039/c5an01092f,ESI Table S1,CC-BY-3.0,Man3,Hex3HexNAc2,synthetic standard,,NOT_READ_FROM_PAPER_needs_annotation,[M+K]+,1,positive,295.3,,unknown,,1,TWIMS,UNSTATED,UNSTATED,dextran,"DTCCS dextran ladder, gas not stated in ESI",native,underivatised,Synapt G2Si
struwe2015_analyst,10.1039/c5an01092f,ESI Table S1,CC-BY-3.0,Man5,Hex5HexNAc2,synthetic standard,,NOT_READ_FROM_PAPER_needs_annotation,[M-H]-,-1,negative,318.4,,unknown,1,2,TWIMS,UNSTATED,UNSTATED,dextran,"DTCCS dextran ladder, gas not stated in ESI",native,underivatised,Synapt G2Si
struwe2015_analyst,10.1039/c5an01092f,ESI Table S1,CC-BY-3.0,Man5,Hex5HexNAc2,synthetic standard,,NOT_READ_FROM_PAPER_needs_annotation,[M-H]-,-1,negative,329.5,,unknown,2,2,TWIMS,UNSTATED,UNSTATED,dextran,"DTCCS dextran ladder, gas not stated in ESI",native,underivatised,Synapt G2Si
struwe2015_analyst,10.1039/c5an01092f,ESI Table S1,CC-BY-3.0,Man5,Hex5HexNAc2,synthetic standard,,NOT_READ_FROM_PAPER_needs_annotation,[M+Cl]-,-1,negative,331.5,,unknown,,1,TWIMS,UNSTATED,UNSTATED,dextran,"DTCCS dextran ladder, gas not stated in ESI",native,underivatised,Synapt G2Si
struwe2015_analyst,10.1039/c5an01092f,ESI Table S1,CC-BY-3.0,Man5,Hex5HexNAc2,synthetic standard,,NOT_READ_FROM_PAPER_needs_annotation,[M+H2PO4]-,-1,negative,337.3,,unknown,,1,TWIMS,UNSTATED,UNSTATED,dextran,"DTCCS dextran ladder, gas not stated in ESI",native,underivatised,Synapt G2Si
struwe2015_analyst,10.1039/c5an01092f,ESI Table S1,CC-BY-3.0,Man5,Hex5HexNAc2,synthetic standard,,NOT_READ_FROM_PAPER_needs_annotation,[M+H]+,1,positive,346.6,,unknown,,1,TWIMS,UNSTATED,UNSTATED,dextran,"DTCCS dextran ladder, gas not stated in ESI",native,underivatised,Synapt G2Si
struwe2015_analyst,10.1039/c5an01092f,ESI Table S1,CC-BY-3.0,Man5,Hex5HexNAc2,synthetic standard,,NOT_READ_FROM_PAPER_needs_annotation,[M+Na]+,1,positive,351.9,,unknown,,1,TWIMS,UNSTATED,UNSTATED,dextran,"DTCCS dextran ladder, gas not stated in ESI",native,underivatised,Synapt G2Si
struwe2015_analyst,10.1039/c5an01092f,ESI Table S1,CC-BY-3.0,Man5,Hex5HexNAc2,synthetic standard,,NOT_READ_FROM_PAPER_needs_annotation,[M+K]+,1,positive,356.1,,unknown,,1,TWIMS,UNSTATED,UNSTATED,dextran,"DTCCS dextran ladder, gas not stated in ESI",native,underivatised,Synapt G2Si
struwe2015_analyst,10.1039/c5an01092f,ESI Table S1,CC-BY-3.0,Man6,Hex6HexNAc2,synthetic standard,,NOT_READ_FROM_PAPER_needs_annotation,[M-H]-,-1,negative,346.0,,unknown,1,2,TWIMS,UNSTATED,UNSTATED,dextran,"DTCCS dextran ladder, gas not stated in ESI",native,underivatised,Synapt G2Si
struwe2015_analyst,10.1039/c5an01092f,ESI Table S1,CC-BY-3.0,Man6,Hex6HexNAc2,synthetic standard,,NOT_READ_FROM_PAPER_needs_annotation,[M-H]-,-1,negative,356.8,,unknown,2,2,TWIMS,UNSTATED,UNSTATED,dextran,"DTCCS dextran ladder, gas not stated in ESI",native,underivatised,Synapt G2Si
struwe2015_analyst,10.1039/c5an01092f,ESI Table S1,CC-BY-3.0,Man6,Hex6HexNAc2,synthetic standard,,NOT_READ_FROM_PAPER_needs_annotation,[M+Cl]-,-1,negative,355.4,,unknown,,1,TWIMS,UNSTATED,UNSTATED,dextran,"DTCCS dextran ladder, gas not stated in ESI",native,underivatised,Synapt G2Si
struwe2015_analyst,10.1039/c5an01092f,ESI Table S1,CC-BY-3.0,Man6,Hex6HexNAc2,synthetic standard,,NOT_READ_FROM_PAPER_needs_annotation,[M+H2PO4]-,-1,negative,362.4,,unknown,,1,TWIMS,UNSTATED,UNSTATED,dextran,"DTCCS dextran ladder, gas not stated in ESI",native,underivatised,Synapt G2Si
struwe2015_analyst,10.1039/c5an01092f,ESI Table S1,CC-BY-3.0,Man6,Hex6HexNAc2,synthetic standard,,NOT_READ_FROM_PAPER_needs_annotation,[M+H]+,1,positive,370.1,,unknown,,1,TWIMS,UNSTATED,UNSTATED,dextran,"DTCCS dextran ladder, gas not stated in ESI",native,underivatised,Synapt G2Si
struwe2015_analyst,10.1039/c5an01092f,ESI Table S1,CC-BY-3.0,Man6,Hex6HexNAc2,synthetic standard,,NOT_READ_FROM_PAPER_needs_annotation,[M+Na]+,1,positive,372.5,,unknown,,1,TWIMS,UNSTATED,UNSTATED,dextran,"DTCCS dextran ladder, gas not stated in ESI",native,underivatised,Synapt G2Si
struwe2015_analyst,10.1039/c5an01092f,ESI Table S1,CC-BY-3.0,Man6,Hex6HexNAc2,synthetic standard,,NOT_READ_FROM_PAPER_needs_annotation,[M+K]+,1,positive,368.6,,unknown,,1,TWIMS,UNSTATED,UNSTATED,dextran,"DTCCS dextran ladder, gas not stated in ESI",native,underivatised,Synapt G2Si
struwe2015_analyst,10.1039/c5an01092f,ESI Table S1,CC-BY-3.0,Man7,Hex7HexNAc2,synthetic standard,,NOT_READ_FROM_PAPER_needs_annotation,[M-H]-,-1,negative,376.0,,unknown,,1,TWIMS,UNSTATED,UNSTATED,dextran,"DTCCS dextran ladder, gas not stated in ESI",native,underivatised,Synapt G2Si
struwe2015_analyst,10.1039/c5an01092f,ESI Table S1,CC-BY-3.0,Man7,Hex7HexNAc2,synthetic standard,,NOT_READ_FROM_PAPER_needs_annotation,[M+Cl]-,-1,negative,378.1,,unknown,,1,TWIMS,UNSTATED,UNSTATED,dextran,"DTCCS dextran ladder, gas not stated in ESI",native,underivatised,Synapt G2Si
struwe2015_analyst,10.1039/c5an01092f,ESI Table S1,CC-BY-3.0,Man7,Hex7HexNAc2,synthetic standard,,NOT_READ_FROM_PAPER_needs_annotation,[M+H2PO4]-,-1,negative,385.4,,unknown,,1,TWIMS,UNSTATED,UNSTATED,dextran,"DTCCS dextran ladder, gas not stated in ESI",native,underivatised,Synapt G2Si
struwe2015_analyst,10.1039/c5an01092f,ESI Table S1,CC-BY-3.0,Man7,Hex7HexNAc2,synthetic standard,,NOT_READ_FROM_PAPER_needs_annotation,[M+H]+,1,positive,391.9,,unknown,,1,TWIMS,UNSTATED,UNSTATED,dextran,"DTCCS dextran ladder, gas not stated in ESI",native,underivatised,Synapt G2Si
struwe2015_analyst,10.1039/c5an01092f,ESI Table S1,CC-BY-3.0,Man7,Hex7HexNAc2,synthetic standard,,NOT_READ_FROM_PAPER_needs_annotation,[M+Na]+,1,positive,393.9,,unknown,,1,TWIMS,UNSTATED,UNSTATED,dextran,"DTCCS dextran ladder, gas not stated in ESI",native,underivatised,Synapt G2Si
struwe2015_analyst,10.1039/c5an01092f,ESI Table S1,CC-BY-3.0,Man7,Hex7HexNAc2,synthetic standard,,NOT_READ_FROM_PAPER_needs_annotation,[M+K]+,1,positive,398.5,,unknown,,1,TWIMS,UNSTATED,UNSTATED,dextran,"DTCCS dextran ladder, gas not stated in ESI",native,underivatised,Synapt G2Si
struwe2015_analyst,10.1039/c5an01092f,ESI Table S1,CC-BY-3.0,Man8,Hex8HexNAc2,synthetic standard,,NOT_READ_FROM_PAPER_needs_annotation,[M-H]-,-1,negative,406.2,,unknown,,1,TWIMS,UNSTATED,UNSTATED,dextran,"DTCCS dextran ladder, gas not stated in ESI",native,underivatised,Synapt G2Si
struwe2015_analyst,10.1039/c5an01092f,ESI Table S1,CC-BY-3.0,Man8,Hex8HexNAc2,synthetic standard,,NOT_READ_FROM_PAPER_needs_annotation,[M+Cl]-,-1,negative,413.0,,unknown,,1,TWIMS,UNSTATED,UNSTATED,dextran,"DTCCS dextran ladder, gas not stated in ESI",native,underivatised,Synapt G2Si
struwe2015_analyst,10.1039/c5an01092f,ESI Table S1,CC-BY-3.0,Man8,Hex8HexNAc2,synthetic standard,,NOT_READ_FROM_PAPER_needs_annotation,[M+H2PO4]-,-1,negative,415.7,,unknown,,1,TWIMS,UNSTATED,UNSTATED,dextran,"DTCCS dextran ladder, gas not stated in ESI",native,underivatised,Synapt G2Si
struwe2015_analyst,10.1039/c5an01092f,ESI Table S1,CC-BY-3.0,Man8,Hex8HexNAc2,synthetic standard,,NOT_READ_FROM_PAPER_needs_annotation,[M+H]+,1,positive,421.4,,unknown,,1,TWIMS,UNSTATED,UNSTATED,dextran,"DTCCS dextran ladder, gas not stated in ESI",native,underivatised,Synapt G2Si
struwe2015_analyst,10.1039/c5an01092f,ESI Table S1,CC-BY-3.0,Man8,Hex8HexNAc2,synthetic standard,,NOT_READ_FROM_PAPER_needs_annotation,[M+Na]+,1,positive,422.8,,unknown,,1,TWIMS,UNSTATED,UNSTATED,dextran,"DTCCS dextran ladder, gas not stated in ESI",native,underivatised,Synapt G2Si
struwe2015_analyst,10.1039/c5an01092f,ESI Table S1,CC-BY-3.0,Man8,Hex8HexNAc2,synthetic standard,,NOT_READ_FROM_PAPER_needs_annotation,[M+K]+,1,positive,423.2,,unknown,,1,TWIMS,UNSTATED,UNSTATED,dextran,"DTCCS dextran ladder, gas not stated in ESI",native,underivatised,Synapt G2Si
struwe2015_analyst,10.1039/c5an01092f,ESI Table S1,CC-BY-3.0,Man9,Hex9HexNAc2,synthetic standard,,NOT_READ_FROM_PAPER_needs_annotation,[M-H]-,-1,negative,416.7,,unknown,1,2,TWIMS,UNSTATED,UNSTATED,dextran,"DTCCS dextran ladder, gas not stated in ESI",native,underivatised,Synapt G2Si
struwe2015_analyst,10.1039/c5an01092f,ESI Table S1,CC-BY-3.0,Man9,Hex9HexNAc2,synthetic standard,,NOT_READ_FROM_PAPER_needs_annotation,[M-H]-,-1,negative,432.7,,unknown,2,2,TWIMS,UNSTATED,UNSTATED,dextran,"DTCCS dextran ladder, gas not stated in ESI",native,underivatised,Synapt G2Si
struwe2015_analyst,10.1039/c5an01092f,ESI Table S1,CC-BY-3.0,Man9,Hex9HexNAc2,synthetic standard,,NOT_READ_FROM_PAPER_needs_annotation,[M+Cl]-,-1,negative,433.6,,unknown,,1,TWIMS,UNSTATED,UNSTATED,dextran,"DTCCS dextran ladder, gas not stated in ESI",native,underivatised,Synapt G2Si
struwe2015_analyst,10.1039/c5an01092f,ESI Table S1,CC-BY-3.0,Man9,Hex9HexNAc2,synthetic standard,,NOT_READ_FROM_PAPER_needs_annotation,[M+H2PO4]-,-1,negative,437.6,,unknown,,1,TWIMS,UNSTATED,UNSTATED,dextran,"DTCCS dextran ladder, gas not stated in ESI",native,underivatised,Synapt G2Si
struwe2015_analyst,10.1039/c5an01092f,ESI Table S1,CC-BY-3.0,Man9,Hex9HexNAc2,synthetic standard,,NOT_READ_FROM_PAPER_needs_annotation,[M+H]+,1,positive,443.6,,unknown,,1,TWIMS,UNSTATED,UNSTATED,dextran,"DTCCS dextran ladder, gas not stated in ESI",native,underivatised,Synapt G2Si
struwe2015_analyst,10.1039/c5an01092f,ESI Table S1,CC-BY-3.0,Man9,Hex9HexNAc2,synthetic standard,,NOT_READ_FROM_PAPER_needs_annotation,[M+Na]+,1,positive,445.0,,unknown,,1,TWIMS,UNSTATED,UNSTATED,dextran,"DTCCS dextran ladder, gas not stated in ESI",native,underivatised,Synapt G2Si
struwe2015_analyst,10.1039/c5an01092f,ESI Table S1,CC-BY-3.0,Man9,Hex9HexNAc2,synthetic standard,,NOT_READ_FROM_PAPER_needs_annotation,[M+K]+,1,positive,447.7,,unknown,,1,TWIMS,UNSTATED,UNSTATED,dextran,"DTCCS dextran ladder, gas not stated in ESI",native,underivatised,Synapt G2Si
struwe2015_analyst,10.1039/c5an01092f,ESI Table S1,CC-BY-3.0,Man9Glc,Hex10HexNAc2,synthetic standard,,NOT_READ_FROM_PAPER_needs_annotation,[M-H]-,-1,negative,429.9,,unknown,1,2,TWIMS,UNSTATED,UNSTATED,dextran,"DTCCS dextran ladder, gas not stated in ESI",native,underivatised,Synapt G2Si
struwe2015_analyst,10.1039/c5an01092f,ESI Table S1,CC-BY-3.0,Man9Glc,Hex10HexNAc2,synthetic standard,,NOT_READ_FROM_PAPER_needs_annotation,[M-H]-,-1,negative,445.1,,unknown,2,2,TWIMS,UNSTATED,UNSTATED,dextran,"DTCCS dextran ladder, gas not stated in ESI",native,underivatised,Synapt G2Si
struwe2015_analyst,10.1039/c5an01092f,ESI Table S1,CC-BY-3.0,Man9Glc,Hex10HexNAc2,synthetic standard,,NOT_READ_FROM_PAPER_needs_annotation,[M+Cl]-,-1,negative,452.8,,unknown,,1,TWIMS,UNSTATED,UNSTATED,dextran,"DTCCS dextran ladder, gas not stated in ESI",native,underivatised,Synapt G2Si
struwe2015_analyst,10.1039/c5an01092f,ESI Table S1,CC-BY-3.0,Man9Glc,Hex10HexNAc2,synthetic standard,,NOT_READ_FROM_PAPER_needs_annotation,[M+H2PO4]-,-1,negative,451.6,,unknown,,1,TWIMS,UNSTATED,UNSTATED,dextran,"DTCCS dextran ladder, gas not stated in ESI",native,underivatised,Synapt G2Si
struwe2015_analyst,10.1039/c5an01092f,ESI Table S1,CC-BY-3.0,Man9Glc,Hex10HexNAc2,synthetic standard,,NOT_READ_FROM_PAPER_needs_annotation,[M+H]+,1,positive,458.8,,unknown,,1,TWIMS,UNSTATED,UNSTATED,dextran,"DTCCS dextran ladder, gas not stated in ESI",native,underivatised,Synapt G2Si
struwe2015_analyst,10.1039/c5an01092f,ESI Table S1,CC-BY-3.0,Man9Glc,Hex10HexNAc2,synthetic standard,,NOT_READ_FROM_PAPER_needs_annotation,[M+Na]+,1,positive,461.8,,unknown,,1,TWIMS,UNSTATED,UNSTATED,dextran,"DTCCS dextran ladder, gas not stated in ESI",native,underivatised,Synapt G2Si
struwe2015_analyst,10.1039/c5an01092f,ESI Table S1,CC-BY-3.0,Man9Glc,Hex10HexNAc2,synthetic standard,,NOT_READ_FROM_PAPER_needs_annotation,[M+K]+,1,positive,464.0,,unknown,,1,TWIMS,UNSTATED,UNSTATED,dextran,"DTCCS dextran ladder, gas not stated in ESI",native,underivatised,Synapt G2Si
struwe2015_analyst,10.1039/c5an01092f,ESI Table S1,CC-BY-3.0,Man5,Hex5HexNAc2,porcine thyroglobulin,,NOT_READ_FROM_PAPER_needs_annotation,[M-H]-,-1,negative,320.5,,unknown,1,2,TWIMS,UNSTATED,UNSTATED,dextran,"DTCCS dextran ladder, gas not stated in ESI",native,underivatised,Synapt G2Si
struwe2015_analyst,10.1039/c5an01092f,ESI Table S1,CC-BY-3.0,Man5,Hex5HexNAc2,porcine thyroglobulin,,NOT_READ_FROM_PAPER_needs_annotation,[M-H]-,-1,negative,331.3,,unknown,2,2,TWIMS,UNSTATED,UNSTATED,dextran,"DTCCS dextran ladder, gas not stated in ESI",native,underivatised,Synapt G2Si
struwe2015_analyst,10.1039/c5an01092f,ESI Table S1,CC-BY-3.0,Man5,Hex5HexNAc2,porcine thyroglobulin,,NOT_READ_FROM_PAPER_needs_annotation,[M+Cl]-,-1,negative,333.4,,unknown,,1,TWIMS,UNSTATED,UNSTATED,dextran,"DTCCS dextran ladder, gas not stated in ESI",native,underivatised,Synapt G2Si
struwe2015_analyst,10.1039/c5an01092f,ESI Table S1,CC-BY-3.0,Man5,Hex5HexNAc2,porcine thyroglobulin,,NOT_READ_FROM_PAPER_needs_annotation,[M+H2PO4]-,-1,negative,338.7,,unknown,,1,TWIMS,UNSTATED,UNSTATED,dextran,"DTCCS dextran ladder, gas not stated in ESI",native,underivatised,Synapt G2Si
struwe2015_analyst,10.1039/c5an01092f,ESI Table S1,CC-BY-3.0,Man6,Hex6HexNAc2,porcine thyroglobulin,,NOT_READ_FROM_PAPER_needs_annotation,[M-H]-,-1,negative,347.6,,unknown,1,2,TWIMS,UNSTATED,UNSTATED,dextran,"DTCCS dextran ladder, gas not stated in ESI",native,underivatised,Synapt G2Si
struwe2015_analyst,10.1039/c5an01092f,ESI Table S1,CC-BY-3.0,Man6,Hex6HexNAc2,porcine thyroglobulin,,NOT_READ_FROM_PAPER_needs_annotation,[M-H]-,-1,negative,358.2,,unknown,2,2,TWIMS,UNSTATED,UNSTATED,dextran,"DTCCS dextran ladder, gas not stated in ESI",native,underivatised,Synapt G2Si
struwe2015_analyst,10.1039/c5an01092f,ESI Table S1,CC-BY-3.0,Man6,Hex6HexNAc2,porcine thyroglobulin,,NOT_READ_FROM_PAPER_needs_annotation,[M+Cl]-,-1,negative,357.6,,unknown,,1,TWIMS,UNSTATED,UNSTATED,dextran,"DTCCS dextran ladder, gas not stated in ESI",native,underivatised,Synapt G2Si
struwe2015_analyst,10.1039/c5an01092f,ESI Table S1,CC-BY-3.0,Man6,Hex6HexNAc2,porcine thyroglobulin,,NOT_READ_FROM_PAPER_needs_annotation,[M+H2PO4]-,-1,negative,364.8,,unknown,,1,TWIMS,UNSTATED,UNSTATED,dextran,"DTCCS dextran ladder, gas not stated in ESI",native,underivatised,Synapt G2Si
struwe2015_analyst,10.1039/c5an01092f,ESI Table S1,CC-BY-3.0,Man7,Hex7HexNAc2,porcine thyroglobulin,,NOT_READ_FROM_PAPER_needs_annotation,[M-H]-,-1,negative,379.9,,unknown,,1,TWIMS,UNSTATED,UNSTATED,dextran,"DTCCS dextran ladder, gas not stated in ESI",native,underivatised,Synapt G2Si
struwe2015_analyst,10.1039/c5an01092f,ESI Table S1,CC-BY-3.0,Man7,Hex7HexNAc2,porcine thyroglobulin,,NOT_READ_FROM_PAPER_needs_annotation,[M+Cl]-,-1,negative,382.1,,unknown,,1,TWIMS,UNSTATED,UNSTATED,dextran,"DTCCS dextran ladder, gas not stated in ESI",native,underivatised,Synapt G2Si
struwe2015_analyst,10.1039/c5an01092f,ESI Table S1,CC-BY-3.0,Man7,Hex7HexNAc2,porcine thyroglobulin,,NOT_READ_FROM_PAPER_needs_annotation,[M+H2PO4]-,-1,negative,387.8,,unknown,,1,TWIMS,UNSTATED,UNSTATED,dextran,"DTCCS dextran ladder, gas not stated in ESI",native,underivatised,Synapt G2Si
struwe2015_analyst,10.1039/c5an01092f,ESI Table S1,CC-BY-3.0,Man8,Hex8HexNAc2,porcine thyroglobulin,,NOT_READ_FROM_PAPER_needs_annotation,[M-H]-,-1,negative,406.8,,unknown,,1,TWIMS,UNSTATED,UNSTATED,dextran,"DTCCS dextran ladder, gas not stated in ESI",native,underivatised,Synapt G2Si
struwe2015_analyst,10.1039/c5an01092f,ESI Table S1,CC-BY-3.0,Man8,Hex8HexNAc2,porcine thyroglobulin,,NOT_READ_FROM_PAPER_needs_annotation,[M+Cl]-,-1,negative,413.1,,unknown,,1,TWIMS,UNSTATED,UNSTATED,dextran,"DTCCS dextran ladder, gas not stated in ESI",native,underivatised,Synapt G2Si
struwe2015_analyst,10.1039/c5an01092f,ESI Table S1,CC-BY-3.0,Man8,Hex8HexNAc2,porcine thyroglobulin,,NOT_READ_FROM_PAPER_needs_annotation,[M+H2PO4]-,-1,negative,413.5,,unknown,,1,TWIMS,UNSTATED,UNSTATED,dextran,"DTCCS dextran ladder, gas not stated in ESI",native,underivatised,Synapt G2Si
struwe2015_analyst,10.1039/c5an01092f,ESI Table S1,CC-BY-3.0,Man9,Hex9HexNAc2,porcine thyroglobulin,,NOT_READ_FROM_PAPER_needs_annotation,[M-H]-,-1,negative,419.9,,unknown,1,2,TWIMS,UNSTATED,UNSTATED,dextran,"DTCCS dextran ladder, gas not stated in ESI",native,underivatised,Synapt G2Si
struwe2015_analyst,10.1039/c5an01092f,ESI Table S1,CC-BY-3.0,Man9,Hex9HexNAc2,porcine thyroglobulin,,NOT_READ_FROM_PAPER_needs_annotation,[M-H]-,-1,negative,436.1,,unknown,2,2,TWIMS,UNSTATED,UNSTATED,dextran,"DTCCS dextran ladder, gas not stated in ESI",native,underivatised,Synapt G2Si
struwe2015_analyst,10.1039/c5an01092f,ESI Table S1,CC-BY-3.0,Man9,Hex9HexNAc2,porcine thyroglobulin,,NOT_READ_FROM_PAPER_needs_annotation,[M+Cl]-,-1,negative,436.6,,unknown,,1,TWIMS,UNSTATED,UNSTATED,dextran,"DTCCS dextran ladder, gas not stated in ESI",native,underivatised,Synapt G2Si
struwe2015_analyst,10.1039/c5an01092f,ESI Table S1,CC-BY-3.0,Man9,Hex9HexNAc2,porcine thyroglobulin,,NOT_READ_FROM_PAPER_needs_annotation,[M+H2PO4]-,-1,negative,435.1,,unknown,,1,TWIMS,UNSTATED,UNSTATED,dextran,"DTCCS dextran ladder, gas not stated in ESI",native,underivatised,Synapt G2Si
struwe2015_analyst,10.1039/c5an01092f,ESI Table S1,CC-BY-3.0,Man3,Hex3HexNAc2,chicken ovalbumin,,NOT_READ_FROM_PAPER_needs_annotation,[M-H]-,-1,negative,270.2,,unknown,,1,TWIMS,UNSTATED,UNSTATED,dextran,"DTCCS dextran ladder, gas not stated in ESI",native,underivatised,Synapt G2Si
struwe2015_analyst,10.1039/c5an01092f,ESI Table S1,CC-BY-3.0,Man3,Hex3HexNAc2,chicken ovalbumin,,NOT_READ_FROM_PAPER_needs_annotation,[M+Cl]-,-1,negative,277.9,,unknown,,1,TWIMS,UNSTATED,UNSTATED,dextran,"DTCCS dextran ladder, gas not stated in ESI",native,underivatised,Synapt G2Si
struwe2015_analyst,10.1039/c5an01092f,ESI Table S1,CC-BY-3.0,Man3,Hex3HexNAc2,chicken ovalbumin,,NOT_READ_FROM_PAPER_needs_annotation,[M+H2PO4]-,-1,negative,280.8,,unknown,,1,TWIMS,UNSTATED,UNSTATED,dextran,"DTCCS dextran ladder, gas not stated in ESI",native,underivatised,Synapt G2Si
struwe2015_analyst,10.1039/c5an01092f,ESI Table S1,CC-BY-3.0,Man5,Hex5HexNAc2,chicken ovalbumin,,NOT_READ_FROM_PAPER_needs_annotation,[M-H]-,-1,negative,321.8,,unknown,1,2,TWIMS,UNSTATED,UNSTATED,dextran,"DTCCS dextran ladder, gas not stated in ESI",native,underivatised,Synapt G2Si
struwe2015_analyst,10.1039/c5an01092f,ESI Table S1,CC-BY-3.0,Man5,Hex5HexNAc2,chicken ovalbumin,,NOT_READ_FROM_PAPER_needs_annotation,[M-H]-,-1,negative,332.5,,unknown,2,2,TWIMS,UNSTATED,UNSTATED,dextran,"DTCCS dextran ladder, gas not stated in ESI",native,underivatised,Synapt G2Si
struwe2015_analyst,10.1039/c5an01092f,ESI Table S1,CC-BY-3.0,Man5,Hex5HexNAc2,chicken ovalbumin,,NOT_READ_FROM_PAPER_needs_annotation,[M+Cl]-,-1,negative,334.8,,unknown,,1,TWIMS,UNSTATED,UNSTATED,dextran,"DTCCS dextran ladder, gas not stated in ESI",native,underivatised,Synapt G2Si
struwe2015_analyst,10.1039/c5an01092f,ESI Table S1,CC-BY-3.0,Man5,Hex5HexNAc2,chicken ovalbumin,,NOT_READ_FROM_PAPER_needs_annotation,[M+H2PO4]-,-1,negative,339.2,,unknown,,1,TWIMS,UNSTATED,UNSTATED,dextran,"DTCCS dextran ladder, gas not stated in ESI",native,underivatised,Synapt G2Si
struwe2015_analyst,10.1039/c5an01092f,ESI Table S1,CC-BY-3.0,Man6,Hex6HexNAc2,chicken ovalbumin,,NOT_READ_FROM_PAPER_needs_annotation,[M-H]-,-1,negative,348.6,,unknown,1,2,TWIMS,UNSTATED,UNSTATED,dextran,"DTCCS dextran ladder, gas not stated in ESI",native,underivatised,Synapt G2Si
struwe2015_analyst,10.1039/c5an01092f,ESI Table S1,CC-BY-3.0,Man6,Hex6HexNAc2,chicken ovalbumin,,NOT_READ_FROM_PAPER_needs_annotation,[M-H]-,-1,negative,359.2,,unknown,2,2,TWIMS,UNSTATED,UNSTATED,dextran,"DTCCS dextran ladder, gas not stated in ESI",native,underivatised,Synapt G2Si
struwe2015_analyst,10.1039/c5an01092f,ESI Table S1,CC-BY-3.0,Man6,Hex6HexNAc2,chicken ovalbumin,,NOT_READ_FROM_PAPER_needs_annotation,[M+Cl]-,-1,negative,358.5,,unknown,,1,TWIMS,UNSTATED,UNSTATED,dextran,"DTCCS dextran ladder, gas not stated in ESI",native,underivatised,Synapt G2Si
struwe2015_analyst,10.1039/c5an01092f,ESI Table S1,CC-BY-3.0,Man6,Hex6HexNAc2,chicken ovalbumin,,NOT_READ_FROM_PAPER_needs_annotation,[M+H2PO4]-,-1,negative,365.2,,unknown,,1,TWIMS,UNSTATED,UNSTATED,dextran,"DTCCS dextran ladder, gas not stated in ESI",native,underivatised,Synapt G2Si
struwe2015_analyst,10.1039/c5an01092f,ESI Table S1,CC-BY-3.0,Man5,Hex5HexNAc2,bovine RNase B,,NOT_READ_FROM_PAPER_needs_annotation,[M-H]-,-1,negative,319.4,,unknown,1,2,TWIMS,UNSTATED,UNSTATED,dextran,"DTCCS dextran ladder, gas not stated in ESI",native,underivatised,Synapt G2Si
struwe2015_analyst,10.1039/c5an01092f,ESI Table S1,CC-BY-3.0,Man5,Hex5HexNAc2,bovine RNase B,,NOT_READ_FROM_PAPER_needs_annotation,[M-H]-,-1,negative,330.0,,unknown,2,2,TWIMS,UNSTATED,UNSTATED,dextran,"DTCCS dextran ladder, gas not stated in ESI",native,underivatised,Synapt G2Si
struwe2015_analyst,10.1039/c5an01092f,ESI Table S1,CC-BY-3.0,Man5,Hex5HexNAc2,bovine RNase B,,NOT_READ_FROM_PAPER_needs_annotation,[M+Cl]-,-1,negative,333.1,,unknown,,1,TWIMS,UNSTATED,UNSTATED,dextran,"DTCCS dextran ladder, gas not stated in ESI",native,underivatised,Synapt G2Si
struwe2015_analyst,10.1039/c5an01092f,ESI Table S1,CC-BY-3.0,Man5,Hex5HexNAc2,bovine RNase B,,NOT_READ_FROM_PAPER_needs_annotation,[M+H2PO4]-,-1,negative,337.5,,unknown,,1,TWIMS,UNSTATED,UNSTATED,dextran,"DTCCS dextran ladder, gas not stated in ESI",native,underivatised,Synapt G2Si
struwe2015_analyst,10.1039/c5an01092f,ESI Table S1,CC-BY-3.0,Man6,Hex6HexNAc2,bovine RNase B,,NOT_READ_FROM_PAPER_needs_annotation,[M-H]-,-1,negative,348.3,,unknown,1,2,TWIMS,UNSTATED,UNSTATED,dextran,"DTCCS dextran ladder, gas not stated in ESI",native,underivatised,Synapt G2Si
struwe2015_analyst,10.1039/c5an01092f,ESI Table S1,CC-BY-3.0,Man6,Hex6HexNAc2,bovine RNase B,,NOT_READ_FROM_PAPER_needs_annotation,[M-H]-,-1,negative,358.7,,unknown,2,2,TWIMS,UNSTATED,UNSTATED,dextran,"DTCCS dextran ladder, gas not stated in ESI",native,underivatised,Synapt G2Si
struwe2015_analyst,10.1039/c5an01092f,ESI Table S1,CC-BY-3.0,Man6,Hex6HexNAc2,bovine RNase B,,NOT_READ_FROM_PAPER_needs_annotation,[M+Cl]-,-1,negative,357.9,,unknown,,1,TWIMS,UNSTATED,UNSTATED,dextran,"DTCCS dextran ladder, gas not stated in ESI",native,underivatised,Synapt G2Si
struwe2015_analyst,10.1039/c5an01092f,ESI Table S1,CC-BY-3.0,Man6,Hex6HexNAc2,bovine RNase B,,NOT_READ_FROM_PAPER_needs_annotation,[M+H2PO4]-,-1,negative,363.9,,unknown,,1,TWIMS,UNSTATED,UNSTATED,dextran,"DTCCS dextran ladder, gas not stated in ESI",native,underivatised,Synapt G2Si
struwe2015_analyst,10.1039/c5an01092f,ESI Table S1,CC-BY-3.0,Man7,Hex7HexNAc2,bovine RNase B,,NOT_READ_FROM_PAPER_needs_annotation,[M-H]-,-1,negative,380.8,,unknown,,1,TWIMS,UNSTATED,UNSTATED,dextran,"DTCCS dextran ladder, gas not stated in ESI",native,underivatised,Synapt G2Si
struwe2015_analyst,10.1039/c5an01092f,ESI Table S1,CC-BY-3.0,Man7,Hex7HexNAc2,bovine RNase B,,NOT_READ_FROM_PAPER_needs_annotation,[M+Cl]-,-1,negative,382.3,,unknown,,1,TWIMS,UNSTATED,UNSTATED,dextran,"DTCCS dextran ladder, gas not stated in ESI",native,underivatised,Synapt G2Si
struwe2015_analyst,10.1039/c5an01092f,ESI Table S1,CC-BY-3.0,Man7,Hex7HexNAc2,bovine RNase B,,NOT_READ_FROM_PAPER_needs_annotation,[M+H2PO4]-,-1,negative,387.7,,unknown,,1,TWIMS,UNSTATED,UNSTATED,dextran,"DTCCS dextran ladder, gas not stated in ESI",native,underivatised,Synapt G2Si
struwe2015_analyst,10.1039/c5an01092f,ESI Table S1,CC-BY-3.0,Man8,Hex8HexNAc2,bovine RNase B,,NOT_READ_FROM_PAPER_needs_annotation,[M-H]-,-1,negative,408.2,,unknown,,1,TWIMS,UNSTATED,UNSTATED,dextran,"DTCCS dextran ladder, gas not stated in ESI",native,underivatised,Synapt G2Si
struwe2015_analyst,10.1039/c5an01092f,ESI Table S1,CC-BY-3.0,Man8,Hex8HexNAc2,bovine RNase B,,NOT_READ_FROM_PAPER_needs_annotation,[M+Cl]-,-1,negative,415.4,,unknown,,1,TWIMS,UNSTATED,UNSTATED,dextran,"DTCCS dextran ladder, gas not stated in ESI",native,underivatised,Synapt G2Si
struwe2015_analyst,10.1039/c5an01092f,ESI Table S1,CC-BY-3.0,Man8,Hex8HexNAc2,bovine RNase B,,NOT_READ_FROM_PAPER_needs_annotation,[M+H2PO4]-,-1,negative,415.3,,unknown,,1,TWIMS,UNSTATED,UNSTATED,dextran,"DTCCS dextran ladder, gas not stated in ESI",native,underivatised,Synapt G2Si
