analyte_kind,analyte_display_name,analyte_source,analyte_reuse_status,analyte_inchikey,analyte_smiles,analyte_sequence,analyte_modifications,analyte_accession,analyte_subunit,analyte_composition,analyte_wurcs,analyte_glytoucan_ac,analyte_iupac_condensed,analyte_has_unresolved_linkage,analyte_has_unresolved_anomericity,analyte_reducing_end_label,analyte_derivatisation,analyte_folding_state,analyte_inn,analyte_glycoform,analyte_ciu_state,analyte_linker_payload_class,analyte_dar,analyte_conjugation_state,calref_reference_set,calref_doi,calref_platform,calref_method,ccs,ccs_uncertainty,uncertainty_type,conformer,conformers_total,adduct,charge,polarity,ims_type,dtims_method,drift_gas,calibrant,cell_gas,instrument,source,doi,source_locator,replicates,measured_on,reuse_status,curation_flag
glycan,LNH,wmxccs seed transcription: Struwe 2016 Chem Commun ESI Table S1,open_attribution,,,,,,,,,,Gal(b1-4)GlcNAc(b1-6)[Gal(b1-3)GlcNAc(b1-3)]Gal(b1-4)Glc,false,false,native,underivatised,,,,,,,,helium CCS reference values,,,,225.5,0.4,two_sd,,,[M+H]+,1,positive,TWIMS,,He,dextran,N2,Synapt G2-S HDMS,struwe2016,10.1039/c6cc06247d,ESI Table S1,2,,open_attribution,
glycan,LNH,wmxccs seed transcription: Struwe 2016 Chem Commun ESI Table S1,open_attribution,,,,,,,,,,Gal(b1-4)GlcNAc(b1-6)[Gal(b1-3)GlcNAc(b1-3)]Gal(b1-4)Glc,false,false,native,underivatised,,,,,,,,helium CCS reference values,,,,233.6,2.0,two_sd,,,[M+Na]+,1,positive,TWIMS,,He,dextran,N2,Synapt G2-S HDMS,struwe2016,10.1039/c6cc06247d,ESI Table S1,2,,open_attribution,
glycan,LNH,wmxccs seed transcription: Struwe 2016 Chem Commun ESI Table S1,open_attribution,,,,,,,,,,Gal(b1-4)GlcNAc(b1-6)[Gal(b1-3)GlcNAc(b1-3)]Gal(b1-4)Glc,false,false,native,underivatised,,,,,,,,helium CCS reference values,,,,255.2,1.6,two_sd,,,[M-H]-,-1,negative,TWIMS,,He,dextran,N2,Synapt G2-S HDMS,struwe2016,10.1039/c6cc06247d,ESI Table S1,2,,open_attribution,
glycan,LNH,wmxccs seed transcription: Struwe 2016 Chem Commun ESI Table S1,open_attribution,,,,,,,,,,Gal(b1-4)GlcNAc(b1-6)[Gal(b1-3)GlcNAc(b1-3)]Gal(b1-4)Glc,false,false,native,underivatised,,,,,,,,helium CCS reference values,,,,244.5,2.4,two_sd,,,[M+Cl]-,-1,negative,TWIMS,,He,dextran,N2,Synapt G2-S HDMS,struwe2016,10.1039/c6cc06247d,ESI Table S1,2,,open_attribution,
glycan,LNH,wmxccs seed transcription: Struwe 2016 Chem Commun ESI Table S1,open_attribution,,,,,,,,,,Gal(b1-4)GlcNAc(b1-6)[Gal(b1-3)GlcNAc(b1-3)]Gal(b1-4)Glc,false,false,native,underivatised,,,,,,,,helium CCS reference values,,,,228.9,3.0,two_sd,,,[M+H]+,1,positive,TWIMS,,He,dextran,N2,Synapt G2-S HDMS,struwe2016,10.1039/c6cc06247d,ESI Table S1,1,,open_attribution,
glycan,LNH,wmxccs seed transcription: Struwe 2016 Chem Commun ESI Table S1,open_attribution,,,,,,,,,,Gal(b1-4)GlcNAc(b1-6)[Gal(b1-3)GlcNAc(b1-3)]Gal(b1-4)Glc,false,false,native,underivatised,,,,,,,,helium CCS reference values,,,,231.3,2.6,two_sd,,,[M+Na]+,1,positive,TWIMS,,He,dextran,N2,Synapt G2-S HDMS,struwe2016,10.1039/c6cc06247d,ESI Table S1,1,,open_attribution,
glycan,LNH,wmxccs seed transcription: Struwe 2016 Chem Commun ESI Table S1,open_attribution,,,,,,,,,,Gal(b1-4)GlcNAc(b1-6)[Gal(b1-3)GlcNAc(b1-3)]Gal(b1-4)Glc,false,false,native,underivatised,,,,,,,,helium CCS reference values,,,,256.2,0.8,two_sd,,,[M-H]-,-1,negative,TWIMS,,He,dextran,N2,Synapt G2-S HDMS,struwe2016,10.1039/c6cc06247d,ESI Table S1,1,,open_attribution,
glycan,LNH,wmxccs seed transcription: Struwe 2016 Chem Commun ESI Table S1,open_attribution,,,,,,,,,,Gal(b1-4)GlcNAc(b1-6)[Gal(b1-3)GlcNAc(b1-3)]Gal(b1-4)Glc,false,false,native,underivatised,,,,,,,,helium CCS reference values,,,,245.0,0.6,two_sd,,,[M+Cl]-,-1,negative,TWIMS,,He,dextran,N2,Synapt G2-S HDMS,struwe2016,10.1039/c6cc06247d,ESI Table S1,1,,open_attribution,
glycan,LNnH,wmxccs seed transcription: Struwe 2016 Chem Commun ESI Table S1,open_attribution,,,,,,,,,,Gal(b1-4)GlcNAc(b1-6)[Gal(b1-4)GlcNAc(b1-3)]Gal(b1-4)Glc,false,false,native,underivatised,,,,,,,,helium CCS reference values,,,,228.6,1.0,two_sd,,,[M+H]+,1,positive,TWIMS,,He,dextran,N2,Synapt G2-S HDMS,struwe2016,10.1039/c6cc06247d,ESI Table S1,2,,open_attribution,
glycan,LNnH,wmxccs seed transcription: Struwe 2016 Chem Commun ESI Table S1,open_attribution,,,,,,,,,,Gal(b1-4)GlcNAc(b1-6)[Gal(b1-4)GlcNAc(b1-3)]Gal(b1-4)Glc,false,false,native,underivatised,,,,,,,,helium CCS reference values,,,,225.0,2.0,two_sd,,,[M+Na]+,1,positive,TWIMS,,He,dextran,N2,Synapt G2-S HDMS,struwe2016,10.1039/c6cc06247d,ESI Table S1,2,,open_attribution,
glycan,LNnH,wmxccs seed transcription: Struwe 2016 Chem Commun ESI Table S1,open_attribution,,,,,,,,,,Gal(b1-4)GlcNAc(b1-6)[Gal(b1-4)GlcNAc(b1-3)]Gal(b1-4)Glc,false,false,native,underivatised,,,,,,,,helium CCS reference values,,,,227.6,1.8,two_sd,,,[M-H]-,-1,negative,TWIMS,,He,dextran,N2,Synapt G2-S HDMS,struwe2016,10.1039/c6cc06247d,ESI Table S1,2,,open_attribution,
glycan,LNnH,wmxccs seed transcription: Struwe 2016 Chem Commun ESI Table S1,open_attribution,,,,,,,,,,Gal(b1-4)GlcNAc(b1-6)[Gal(b1-4)GlcNAc(b1-3)]Gal(b1-4)Glc,false,false,native,underivatised,,,,,,,,helium CCS reference values,,,,244.3,1.2,two_sd,,,[M+Cl]-,-1,negative,TWIMS,,He,dextran,N2,Synapt G2-S HDMS,struwe2016,10.1039/c6cc06247d,ESI Table S1,2,,open_attribution,
glycan,LNnH,wmxccs seed transcription: Struwe 2016 Chem Commun ESI Table S1,open_attribution,,,,,,,,,,Gal(b1-4)GlcNAc(b1-6)[Gal(b1-4)GlcNAc(b1-3)]Gal(b1-4)Glc,false,false,native,underivatised,,,,,,,,helium CCS reference values,,,,228.9,3.0,two_sd,,,[M+H]+,1,positive,TWIMS,,He,dextran,N2,Synapt G2-S HDMS,struwe2016,10.1039/c6cc06247d,ESI Table S1,1,,open_attribution,
glycan,LNnH,wmxccs seed transcription: Struwe 2016 Chem Commun ESI Table S1,open_attribution,,,,,,,,,,Gal(b1-4)GlcNAc(b1-6)[Gal(b1-4)GlcNAc(b1-3)]Gal(b1-4)Glc,false,false,native,underivatised,,,,,,,,helium CCS reference values,,,,226.6,2.2,two_sd,,,[M+Na]+,1,positive,TWIMS,,He,dextran,N2,Synapt G2-S HDMS,struwe2016,10.1039/c6cc06247d,ESI Table S1,1,,open_attribution,
glycan,LNnH,wmxccs seed transcription: Struwe 2016 Chem Commun ESI Table S1,open_attribution,,,,,,,,,,Gal(b1-4)GlcNAc(b1-6)[Gal(b1-4)GlcNAc(b1-3)]Gal(b1-4)Glc,false,false,native,underivatised,,,,,,,,helium CCS reference values,,,,228.7,0.6,two_sd,,,[M-H]-,-1,negative,TWIMS,,He,dextran,N2,Synapt G2-S HDMS,struwe2016,10.1039/c6cc06247d,ESI Table S1,1,,open_attribution,
glycan,LNnH,wmxccs seed transcription: Struwe 2016 Chem Commun ESI Table S1,open_attribution,,,,,,,,,,Gal(b1-4)GlcNAc(b1-6)[Gal(b1-4)GlcNAc(b1-3)]Gal(b1-4)Glc,false,false,native,underivatised,,,,,,,,helium CCS reference values,,,,245.0,0.6,two_sd,,,[M+Cl]-,-1,negative,TWIMS,,He,dextran,N2,Synapt G2-S HDMS,struwe2016,10.1039/c6cc06247d,ESI Table S1,1,,open_attribution,
glycan,LNnH,wmxccs seed transcription: Struwe 2016 Chem Commun ESI Table S1,open_attribution,,,,,,,,,,Gal(b1-4)GlcNAc(b1-6)[Gal(b1-4)GlcNAc(b1-3)]Gal(b1-4)Glc,false,false,native,underivatised,,,,,,,,helium CCS reference values,,,,230.1,1.2,two_sd,,,[M+H]+,1,positive,TWIMS,,He,dextran,N2,Synapt G2-S HDMS,struwe2016,10.1039/c6cc06247d,ESI Table S1,1,,open_attribution,
glycan,LNnH,wmxccs seed transcription: Struwe 2016 Chem Commun ESI Table S1,open_attribution,,,,,,,,,,Gal(b1-4)GlcNAc(b1-6)[Gal(b1-4)GlcNAc(b1-3)]Gal(b1-4)Glc,false,false,native,underivatised,,,,,,,,helium CCS reference values,,,,225.7,1.0,two_sd,,,[M+Na]+,1,positive,TWIMS,,He,dextran,N2,Synapt G2-S HDMS,struwe2016,10.1039/c6cc06247d,ESI Table S1,1,,open_attribution,
glycan,LNnH,wmxccs seed transcription: Struwe 2016 Chem Commun ESI Table S1,open_attribution,,,,,,,,,,Gal(b1-4)GlcNAc(b1-6)[Gal(b1-4)GlcNAc(b1-3)]Gal(b1-4)Glc,false,false,native,underivatised,,,,,,,,helium CCS reference values,,,,229.8,0.6,two_sd,,,[M-H]-,-1,negative,TWIMS,,He,dextran,N2,Synapt G2-S HDMS,struwe2016,10.1039/c6cc06247d,ESI Table S1,1,,open_attribution,
glycan,LNnH,wmxccs seed transcription: Struwe 2016 Chem Commun ESI Table S1,open_attribution,,,,,,,,,,Gal(b1-4)GlcNAc(b1-6)[Gal(b1-4)GlcNAc(b1-3)]Gal(b1-4)Glc,false,false,native,underivatised,,,,,,,,helium CCS reference values,,,,223.1,1.8,two_sd,,,[M+Na]+,1,positive,TWIMS,,He,dextran,N2,Synapt G2-S HDMS,struwe2016,10.1039/c6cc06247d,ESI Table S1,1,,open_attribution,
glycan,LNT,wmxccs seed transcription: Struwe 2016 Chem Commun ESI Table S1,open_attribution,,,,,,,,,,Gal(b1-3)GlcNAc(b1-3)Gal(b1-4)Glc,false,false,native,underivatised,,,,,,,,helium CCS reference values,,,,177.9,0.8,two_sd,,,[M+H]+,1,positive,TWIMS,,He,dextran,N2,Synapt G2-S HDMS,struwe2016,10.1039/c6cc06247d,ESI Table S1,2,,open_attribution,
glycan,LNT,wmxccs seed transcription: Struwe 2016 Chem Commun ESI Table S1,open_attribution,,,,,,,,,,Gal(b1-3)GlcNAc(b1-3)Gal(b1-4)Glc,false,false,native,underivatised,,,,,,,,helium CCS reference values,,,,170.5,1.0,two_sd,,,[M+Na]+,1,positive,TWIMS,,He,dextran,N2,Synapt G2-S HDMS,struwe2016,10.1039/c6cc06247d,ESI Table S1,2,,open_attribution,
glycan,LNT,wmxccs seed transcription: Struwe 2016 Chem Commun ESI Table S1,open_attribution,,,,,,,,,,Gal(b1-3)GlcNAc(b1-3)Gal(b1-4)Glc,false,false,native,underivatised,,,,,,,,helium CCS reference values,,,,172.2,1.0,two_sd,,,[M-H]-,-1,negative,TWIMS,,He,dextran,N2,Synapt G2-S HDMS,struwe2016,10.1039/c6cc06247d,ESI Table S1,2,,open_attribution,
glycan,LNT,wmxccs seed transcription: Struwe 2016 Chem Commun ESI Table S1,open_attribution,,,,,,,,,,Gal(b1-3)GlcNAc(b1-3)Gal(b1-4)Glc,false,false,native,underivatised,,,,,,,,helium CCS reference values,,,,182.1,1.2,two_sd,,,[M+Cl]-,-1,negative,TWIMS,,He,dextran,N2,Synapt G2-S HDMS,struwe2016,10.1039/c6cc06247d,ESI Table S1,2,,open_attribution,
glycan,LNnT,wmxccs seed transcription: Struwe 2016 Chem Commun ESI Table S1,open_attribution,,,,,,,,,,Gal(b1-4)GlcNAc(b1-3)Gal(b1-4)Glc,false,false,native,underivatised,,,,,,,,helium CCS reference values,,,,189.1,0.4,two_sd,,,[M+H]+,1,positive,TWIMS,,He,dextran,N2,Synapt G2-S HDMS,struwe2016,10.1039/c6cc06247d,ESI Table S1,2,,open_attribution,
glycan,LNnT,wmxccs seed transcription: Struwe 2016 Chem Commun ESI Table S1,open_attribution,,,,,,,,,,Gal(b1-4)GlcNAc(b1-3)Gal(b1-4)Glc,false,false,native,underivatised,,,,,,,,helium CCS reference values,,,,169.6,1.0,two_sd,,,[M+Na]+,1,positive,TWIMS,,He,dextran,N2,Synapt G2-S HDMS,struwe2016,10.1039/c6cc06247d,ESI Table S1,2,,open_attribution,
glycan,LNnT,wmxccs seed transcription: Struwe 2016 Chem Commun ESI Table S1,open_attribution,,,,,,,,,,Gal(b1-4)GlcNAc(b1-3)Gal(b1-4)Glc,false,false,native,underivatised,,,,,,,,helium CCS reference values,,,,186.3,0.8,two_sd,,,[M-H]-,-1,negative,TWIMS,,He,dextran,N2,Synapt G2-S HDMS,struwe2016,10.1039/c6cc06247d,ESI Table S1,2,,open_attribution,
glycan,LNnT,wmxccs seed transcription: Struwe 2016 Chem Commun ESI Table S1,open_attribution,,,,,,,,,,Gal(b1-4)GlcNAc(b1-3)Gal(b1-4)Glc,false,false,native,underivatised,,,,,,,,helium CCS reference values,,,,180.4,0.8,two_sd,,,[M+Cl]-,-1,negative,TWIMS,,He,dextran,N2,Synapt G2-S HDMS,struwe2016,10.1039/c6cc06247d,ESI Table S1,2,,open_attribution,
